SET FOREIGN_KEY_CHECKS=0;
SET SQL_MODE = "NO_AUTO_VALUE_ON_ZERO";
START TRANSACTION;
SET time_zone = "+00:00";

/*!40101 SET @OLD_CHARACTER_SET_CLIENT=@@CHARACTER_SET_CLIENT */;
/*!40101 SET @OLD_CHARACTER_SET_RESULTS=@@CHARACTER_SET_RESULTS */;
/*!40101 SET @OLD_COLLATION_CONNECTION=@@COLLATION_CONNECTION */;
/*!40101 SET NAMES utf8mb4 */;


TRUNCATE TABLE `animal`;
INSERT INTO `animal` (`id`, `parent1_id`, `parent2_id`, `species_id`, `enclosure_id`, `image_id`, `name`, `description`) VALUES
(1, NULL, NULL, 1, 1, 5, 'winnie', ' célèbre pour sa personnalité douce, son innocence, et son amour inconditionnel pour le miel,habitant dans la fôret des rêves bleus il est reconnaissable à sa fourrure brune et son museau noir'),
(2, NULL, NULL, 2, 2, 6, 'norm', 'norm est un grand ours polaire au pelage blanc et épais, caractéristique de son espèce. Ses yeux sont expressifs, reflétant sa personnalité curieuse et pleine d\'énergie'),
(3, NULL, NULL, 3, 3, 7, 'kerchak', 'kerchak est un gorille massif et imposant, avec une fourrure sombre et épaisse ,ses yeux expriment souvent la sagesse, la fermeté, mais aussi une certaine mélancolie,il a une cicatrice distinctive sur son œil droit, donnant à son apparence une aura intimidante,kerchak assume le rôle de chef de la tribu des gorilles dans la jungle, et son attitude est souvent sérieuse et protectrice envers les membres de son groupe.'),
(4, NULL, NULL, 4, 4, 8, 'césar', 'césar est un chimpanzé mâle exceptionnellement intelligent et évolué,physiquement, il a une fourrure brun foncé et des traits faciaux expressifs qui démontrent une gamme d\'émotions. Ses yeux sont particulièrement perçants et révèlent son intelligence et sa compréhension du monde qui l\'entoure'),
(5, NULL, NULL, 5, 5, 9, 'po', 'po est un panda géant, reconnaissable par son pelage noir et blanc caractéristique. Il a des yeux ronds et expressifs,son amour pour la nourriture est un trait distinctif, en particulier pour les bamboos'),
(6, NULL, NULL, 6, 6, 10, 'sherkhan', 'sherekhan est un tigre imposant au pelage orange strié de noir, ses yeux sont perçants et émettent une aura de danger. il a une démarche gracieuse et puissante, reflétant à la fois sa beauté physique et sa férocité. Son rugissement  grave et menaçant , souvent accompagnée d\'un ronronnement sinistre, ajoute à son impression intimidante.'),
(7, NULL, NULL, 7, 7, 11, 'scar', 'scar est un lion mince aux yeux verts et à la crinière sombre, caractérisée par une cicatrice distincte sur son œil gauche. la cicatrice lui a valu son nom et contribue à son apparence menaçante. sa fourrure est plus sombre que celle de son frère, mufasa.ses mouvements sont souvent félins et gracieux, soulignant son intelligence et sa ruse'),
(8, NULL, NULL, 8, 8, 12, 'bagheera', 'bagheera est une grande panthère noire au pelage lisse et brillant, ses yeux jaunes sont perçants, exprimant à la fois sagesse et autorité, il se déplace avec une grâce silencieuse et une puissance prédatrice, reflétant sa nature de prédateur. bagheera est souvent dépeint comme étant élégant '),
(9, NULL, NULL, 9, 9, 13, 'melman', 'il a une silhouette élancée, une fourrure jaune pâle avec des taches brunes, et de grands yeux expressifs'),
(10, NULL, NULL, 10, 10, 14, 'sudan', 'sudan était un rhinocéros blanc du Nord, une sous-espèce du rhinocéros blanc, caractérisée par sa bouche large et carrée adaptée pour brouter de l\'herbe'),
(11, NULL, NULL, 11, 11, 15, 'motomoto', 'Physiquement, Motomoto est plus grand que les autres hippopotames il a une fourrure gris foncé avec des taches plus claires Son apparence imposante est accentuée par une crinière hérissée et il aime être admiré par les autres animaux'),
(12, NULL, NULL, 12, 12, 16, 'marahute', 'marahute est une grande aigle femelle dorée. Elle est majestueuse et impressionnante, avec des plumes dorées qui brillent au soleil.'),
(13, NULL, NULL, 13, 13, 17, 'pazze', 'description'),
(14, NULL, NULL, 14, 14, 18, 'merlin', 'description'),
(15, NULL, NULL, 15, 15, 19, 'dumbo', 'dumbo est un éléphanteau  aux grandes oreilles disproportionnées par rapport à sa petite taille. Ses yeux sont grands et expressifs, reflétant sa nature douce et innocente. dumbo a une peau grise et lisse, et ses grandes oreilles sont souvent utilisées pour créer une impression de maladresse et de vulnérabilité'),
(16, NULL, NULL, 16, 16, 20, 'julien', 'Son pelage est gris et blanc, et il a de grands yeux ronds et expressifs. Julien est souvent représenté avec une démarche légère et dansante, ajoutant à son charme comique.'),
(17, NULL, NULL, 17, 17, 21, 'ghost', 'descrption à définir'),
(18, NULL, NULL, 18, 18, 22, 'Niska', 'il a une allure décontractée et désinvolte, avec des plumes hirsutes et des expressions faciales amusantes'),
(19, NULL, NULL, 19, 19, 23, 'tictac', 'Le crocodile Tic-Tac est un grand crocodile vert avec un corps long et effilé. Son nom est dérivé du son régulier de la tic-tac d\'une horloge mécanique, ce qui est du au claquement de ses crocs'),
(20, NULL, NULL, 20, 20, 24, 'rango', 'description ');

TRUNCATE TABLE `animal_category`;
INSERT INTO `animal_category` (`id`, `image_id`, `name`, `description`) VALUES
(1, 1, 'mammifere', 'Animaux vertébrés, possèdent des glandes mammaires et nourrissent leur petits avec du lait'),
(2, 2, 'oiseau', 'Animal vertébré ovipare, couvert de plumes, muni d\'un bec sans dents, de deux pattes et de deux ailes'),
(3, 3, 'reptile', 'Vertébré à respiration pulmonaire, à tégument recouvert d\'écailles kératinisées et à température variable'),
(4, 4, 'amphibien', 'Vertébré anamniote à peau nue, aux membres conformés en pattes, généralement capable de respirer hors de l\'eau ');

TRUNCATE TABLE `animal_diet`;
INSERT INTO `animal_diet` (`id`, `name`) VALUES
(1, 'carnivore'),
(2, 'herbivore'),
(3, 'omnivore');

TRUNCATE TABLE `animal_family`;
INSERT INTO `animal_family` (`id`, `category_id`, `image_id`, `name`, `description`) VALUES
(1, 1, NULL, 'felidés', 'Mammifères carnivores digitigrades, à griffes acérées et canines puissantes'),
(2, 1, NULL, 'canidés', 'Mammifères carnivores digitigrades, au museau allongé, aux pattes hautes'),
(3, 1, NULL, 'bovidés', 'Mammifères ongulés ruminants'),
(4, 1, NULL, 'cervidés', 'Mammifères ongulés dont les mâles portent des bois '),
(5, 1, NULL, 'ursidés', 'Mammifères carnivores et plantigrades'),
(6, 1, NULL, 'cercopithecidé', 'Famille de primates catarhiniens à queue non-préhensile de l\'Ancien Monde'),
(7, 1, NULL, 'cebidés', 'Famille de singes du Nouveau Monde'),
(8, 1, NULL, 'hominidés', 'Famille de grand primate hominoïde'),
(9, 2, NULL, 'cuculidés', 'Oiseaux possédant des pattes peu préhensiles et un bec immobile et peu crochu '),
(10, 3, NULL, 'serpents', 'Appartenant à l\'ordre des squamates, ils possèdent un corps allongé, dépourvus de membre et un sang froid '),
(11, 4, NULL, 'rana', 'Excellents sauteurs ayant une coloration du brun au vert'),
(12, 1, NULL, 'giraffidés', 'Famille de mammifères artiodactyles ruminants'),
(13, 1, NULL, 'Rhinocerotidés', 'Famille de mammifères ongulés périssodactyles'),
(14, 1, NULL, 'Hippopotamidés', 'Mammifères cétartiodactyles aux morsures puissantes'),
(15, 2, NULL, 'Accipitridés', 'Famille rassemblant la majorité des vautours diurnes '),
(16, 2, NULL, 'Strigidés', 'Famille de rapace à activité nocturne ayant les femelles plus grandes que les mâles'),
(17, 1, NULL, 'Elephantidés', 'Géants aux défense d\'ivoire et seuls survivants de l\'ordre des proboscidiens'),
(18, 1, NULL, 'Lemuridés', 'Famille de lémurs ou makis présentant un museau allongé et de gros yeux'),
(19, 2, NULL, 'Cathartidés', 'Oiseaux de proie diurnes à la tête nue et au bec puissant et crochu'),
(20, 3, NULL, 'Crocodylidés', 'Famille de reptiles archosauriens à la silhouette caractéristique'),
(21, 3, NULL, 'Iguanidés', 'Reptiles semi-arboricoles principalement diurnes');

TRUNCATE TABLE `assoc_event_date`;
INSERT INTO `assoc_event_date` (`id`, `event_id_id`, `events_date_id_id`) VALUES
(1, 1, 1),
(2, 2, 2),
(3, 3, 3),
(4, 4, 4),
(5, 5, 5),
(6, 6, 6),
(7, 7, 7),
(8, 8, 8),
(9, 9, 9),
(10, 10, 10),
(11, 11, 11),
(12, 12, 12),
(13, 13, 13),
(14, 14, 14),
(15, 15, 15),
(16, 16, 16),
(17, 17, 17),
(18, 18, 18),
(19, 19, 19);

TRUNCATE TABLE `doctrine_migration_versions`;
INSERT INTO `doctrine_migration_versions` (`version`, `executed_at`, `execution_time`) VALUES
('DoctrineMigrations\\Version20240325082856', '2024-03-25 09:28:58', 1974);

TRUNCATE TABLE `enclosure`;
INSERT INTO `enclosure` (`id`, `name`) VALUES
(1, 'forêt des ours'),
(2, 'igloo'),
(3, 'jungle'),
(4, 'fôret tropicale'),
(5, 'qg des pandas'),
(6, 'havre sauvage'),
(7, 'savane royale'),
(8, 'wakanda'),
(9, 'himilaya'),
(10, 'rivage Cornu'),
(11, 'marécage'),
(12, 'hautes voltige'),
(13, 'sprint Sauvage'),
(14, 'coin des Plumes sages'),
(15, 'palais des Trompes'),
(16, 'Cœur Lémurien'),
(17, 'les stark'),
(18, 'cimitières'),
(19, 'rivière croco'),
(20, 'promenade des reptiles');

TRUNCATE TABLE `event`;
INSERT INTO `event` (`id`, `enclosure_id`, `name`, `description`, `duration`, `quota`) VALUES
(1, 1, 'repas de winnie', 'Nourrissage de notre ours brun fétiche', 15, 200),
(2, 2, 'promenade de norm', 'Retour à la banquise pour quelques minutes pour nos ours polaires', 75, 200),
(3, 3, 'repas de kerchak', 'Tempête de banane pour les gorilles', 75, 200),
(4, 4, 'show de césar', 'Spectacle de danse entre nos soigneurs et nos chimpanzés', 75, 200),
(5, 5, 'roulade de po', 'Repas des animaux préférés des zoo, les pandas', 75, 200),
(6, 6, 'chasse de sher khan', 'Une brebis et un tigre, un beau repas', 75, 200),
(7, 7, 'scar tue mufasa ', 'Regroupement des lions et des lionnes', 75, 200),
(8, 8, 'course des panthères', 'Sortie des panthères dans leur enclos', 25, 150),
(9, 9, 'réunion des girafes', 'Préparez-vous à levez la tête, le nourrissage des girafes se passe là-haut', 75, 200),
(10, 10, 'ronde des rhino', 'Ces animaux à la peaux rugueuse aiment malgré tout se faire caresser lors d\'une petite ronde', 75, 200),
(11, 11, 'bain des hippo', 'Un bon bain qui fait toujours du bien', 75, 200),
(12, 12, 'envol des aigles', 'Un spectacle en plein air regroupant les plus grands rapaces', 75, 200),
(13, 13, 'footing en savane', 'Balade tranquille des antilopes', 75, 200),
(14, 14, 'sage de la fôret', 'La balade en troupeau des éléphants vous fera trembler', 75, 2000),
(15, 15, 'ça mouille ', 'Petit plongeon des crocodiles', 75, 200),
(16, 16, 'cueillete des lémurs', 'Des cadeaux aux lémurs pour les voir se débattre', 75, 200),
(17, 17, 'chasse des stark', 'Une chasse en meute dirigé par l\'alpha stark ', 75, 200),
(18, 18, 'envole des vautours', 'De leurs postures majestueux, ils voleront au dessus de vos têtes pour vous impressionner', 75, 200),
(19, 19, 'larmes de crocodile', 'Attention aux téléphones, les crocodiles auront faim', 75, 200),
(20, 20, 'galipettes des iguanes', 'Un défilé haut en couleurs', 75, 200);

TRUNCATE TABLE `event_date`;
INSERT INTO `event_date` (`id`, `date`) VALUES
(1, '1971-07-11 07:28:18'),
(2, '1998-09-28 09:36:29'),
(3, '1991-12-21 20:00:05'),
(4, '2011-07-18 18:01:47'),
(5, '2006-12-27 20:09:05'),
(6, '2007-08-29 22:34:50'),
(7, '1990-04-10 14:29:49'),
(8, '1979-09-05 07:33:47'),
(9, '2012-05-15 23:02:12'),
(10, '2002-09-28 10:59:54'),
(11, '1973-06-16 06:56:07'),
(12, '2012-08-09 02:24:21'),
(13, '2014-04-30 06:01:36'),
(14, '2013-04-27 19:24:11'),
(15, '2009-04-11 22:59:53'),
(16, '2019-03-31 09:04:26'),
(17, '2004-11-26 07:47:09'),
(18, '2022-05-21 01:23:51'),
(19, '2011-01-18 12:35:54'),
(20, '1990-01-29 21:39:16');

TRUNCATE TABLE `image`;
INSERT INTO `image` (`id`, `image`) VALUES
(1, 0x3c68746d6c206c616e673d226672223e3c686561643e3c6d65746120687474702d65717569763d22436f6e74656e742d547970652220636f6e74656e743d22746578742f68746d6c3b20636861727365743d49534f2d383835392d31223e3c7469746c653e4176657274697373656d656e74206465207265646972656374696f6e3c2f7469746c653e3c7374796c653e626f64792c6469762c617b666f6e742d66616d696c793a617269616c2c73616e732d73657269667d626f64797b6261636b67726f756e642d636f6c6f723a236666663b6d617267696e2d746f703a3370787d6469767b636f6c6f723a233030307d613a6c696e6b7b636f6c6f723a233462313161383b7d613a766973697465647b636f6c6f723a233462313161383b7d613a6163746976657b636f6c6f723a236561343333357d6469762e6d796d476f7b626f726465722d746f703a31707820736f6c696420236461646365303b626f726465722d626f74746f6d3a31707820736f6c696420236461646365303b6261636b67726f756e643a236638663966613b6d617267696e2d746f703a31656d3b77696474683a313030257d6469762e6158676147627b70616464696e673a302e35656d20303b6d617267696e2d6c6566743a313070787d6469762e66546b3776647b6d617267696e2d6c6566743a333570783b6d617267696e2d746f703a333570787d3c2f7374796c653e3c2f686561643e3c626f64793e3c64697620636c6173733d226d796d476f223e3c64697620636c6173733d22615867614762223e3c666f6e74207374796c653d22666f6e742d73697a653a6c6172676572223e3c623e4176657274697373656d656e74206465207265646972656374696f6e3c2f623e3c2f666f6e743e3c2f6469763e3c2f6469763e3c64697620636c6173733d2266546b377664223e266e6273703b4c6120706167652071756520766f757320636f6e73756c7469657a2065737361696520646520766f7573207265646972696765722076657273203c6120687265663d2268747470733a2f2f7468656e6f756e70726f6a6563742e636f6d2f62726f7773652f69636f6e732f7465726d2f6e6f2d6974656d2f223e68747470733a2f2f7468656e6f756e70726f6a6563742e636f6d2f62726f7773652f69636f6e732f7465726d2f6e6f2d6974656d2f3c2f613e2e3c62723e3c62723e266e6273703b536920766f7573206e6520736f7568616974657a2070617320636f6e73756c74657220636574746520706167652c20766f757320706f7576657a203c6120687265663d2223222069643d2274737569645f31223e726576656e697220e0206c612070616765207072e963e964656e74653c2f613e2e3c736372697074206e6f6e63653d2250737a746c30707437465369546f334b324549666d67223e2866756e6374696f6e28297b7661722069643d2774737569645f31273b2866756e6374696f6e28297b646f63756d656e742e676574456c656d656e7442794964286964292e6f6e636c69636b3d66756e6374696f6e28297b77696e646f772e686973746f72792e6261636b28293b72657475726e21317d3b7d292e63616c6c2874686973293b7d2928293b2866756e6374696f6e28297b7661722069643d2774737569645f31273b7661722063743d276f726967696e6c696e6b273b766172206f693d27756e617574686f72697a65647265646972656374273b2866756e6374696f6e28297b646f63756d656e742e676574456c656d656e7442794964286964292e6f6e6d6f757365646f776e3d66756e6374696f6e28297b76617220623d646f63756d656e742626646f63756d656e742e72656665727265722c613d22656e636f6465555249436f6d706f6e656e7422696e2077696e646f773f656e636f6465555249436f6d706f6e656e743a6573636170652c633d22223b62262628633d61286229293b286e657720496d616765292e7372633d222f75726c3f73613d542675726c3d222b632b22266f693d222b61286f69292b222663743d222b61286374293b72657475726e21317d3b7d292e63616c6c2874686973293b7d2928293b3c2f7363726970743e3c62723e3c62723e3c62723e3c2f6469763e3c2f626f64793e3c2f68746d6c3e),
(2, 0x3c68746d6c206c616e673d226672223e3c686561643e3c6d65746120687474702d65717569763d22436f6e74656e742d547970652220636f6e74656e743d22746578742f68746d6c3b20636861727365743d49534f2d383835392d31223e3c7469746c653e4176657274697373656d656e74206465207265646972656374696f6e3c2f7469746c653e3c7374796c653e626f64792c6469762c617b666f6e742d66616d696c793a617269616c2c73616e732d73657269667d626f64797b6261636b67726f756e642d636f6c6f723a236666663b6d617267696e2d746f703a3370787d6469767b636f6c6f723a233030307d613a6c696e6b7b636f6c6f723a233462313161383b7d613a766973697465647b636f6c6f723a233462313161383b7d613a6163746976657b636f6c6f723a236561343333357d6469762e6d796d476f7b626f726465722d746f703a31707820736f6c696420236461646365303b626f726465722d626f74746f6d3a31707820736f6c696420236461646365303b6261636b67726f756e643a236638663966613b6d617267696e2d746f703a31656d3b77696474683a313030257d6469762e6158676147627b70616464696e673a302e35656d20303b6d617267696e2d6c6566743a313070787d6469762e66546b3776647b6d617267696e2d6c6566743a333570783b6d617267696e2d746f703a333570787d3c2f7374796c653e3c2f686561643e3c626f64793e3c64697620636c6173733d226d796d476f223e3c64697620636c6173733d22615867614762223e3c666f6e74207374796c653d22666f6e742d73697a653a6c6172676572223e3c623e4176657274697373656d656e74206465207265646972656374696f6e3c2f623e3c2f666f6e743e3c2f6469763e3c2f6469763e3c64697620636c6173733d2266546b377664223e266e6273703b4c6120706167652071756520766f757320636f6e73756c7469657a2065737361696520646520766f7573207265646972696765722076657273203c6120687265663d2268747470733a2f2f7468656e6f756e70726f6a6563742e636f6d2f62726f7773652f69636f6e732f7465726d2f6e6f2d6974656d2f223e68747470733a2f2f7468656e6f756e70726f6a6563742e636f6d2f62726f7773652f69636f6e732f7465726d2f6e6f2d6974656d2f3c2f613e2e3c62723e3c62723e266e6273703b536920766f7573206e6520736f7568616974657a2070617320636f6e73756c74657220636574746520706167652c20766f757320706f7576657a203c6120687265663d2223222069643d2274737569645f31223e726576656e697220e0206c612070616765207072e963e964656e74653c2f613e2e3c736372697074206e6f6e63653d2251735348386c705631514838464a6a65633262567877223e2866756e6374696f6e28297b7661722069643d2774737569645f31273b2866756e6374696f6e28297b646f63756d656e742e676574456c656d656e7442794964286964292e6f6e636c69636b3d66756e6374696f6e28297b77696e646f772e686973746f72792e6261636b28293b72657475726e21317d3b7d292e63616c6c2874686973293b7d2928293b2866756e6374696f6e28297b7661722069643d2774737569645f31273b7661722063743d276f726967696e6c696e6b273b766172206f693d27756e617574686f72697a65647265646972656374273b2866756e6374696f6e28297b646f63756d656e742e676574456c656d656e7442794964286964292e6f6e6d6f757365646f776e3d66756e6374696f6e28297b76617220623d646f63756d656e742626646f63756d656e742e72656665727265722c613d22656e636f6465555249436f6d706f6e656e7422696e2077696e646f773f656e636f6465555249436f6d706f6e656e743a6573636170652c633d22223b62262628633d61286229293b286e657720496d616765292e7372633d222f75726c3f73613d542675726c3d222b632b22266f693d222b61286f69292b222663743d222b61286374293b72657475726e21317d3b7d292e63616c6c2874686973293b7d2928293b3c2f7363726970743e3c62723e3c62723e3c62723e3c2f6469763e3c2f626f64793e3c2f68746d6c3e),
(3, 0x3c68746d6c206c616e673d226672223e3c686561643e3c6d65746120687474702d65717569763d22436f6e74656e742d547970652220636f6e74656e743d22746578742f68746d6c3b20636861727365743d49534f2d383835392d31223e3c7469746c653e4176657274697373656d656e74206465207265646972656374696f6e3c2f7469746c653e3c7374796c653e626f64792c6469762c617b666f6e742d66616d696c793a617269616c2c73616e732d73657269667d626f64797b6261636b67726f756e642d636f6c6f723a236666663b6d617267696e2d746f703a3370787d6469767b636f6c6f723a233030307d613a6c696e6b7b636f6c6f723a233462313161383b7d613a766973697465647b636f6c6f723a233462313161383b7d613a6163746976657b636f6c6f723a236561343333357d6469762e6d796d476f7b626f726465722d746f703a31707820736f6c696420236461646365303b626f726465722d626f74746f6d3a31707820736f6c696420236461646365303b6261636b67726f756e643a236638663966613b6d617267696e2d746f703a31656d3b77696474683a313030257d6469762e6158676147627b70616464696e673a302e35656d20303b6d617267696e2d6c6566743a313070787d6469762e66546b3776647b6d617267696e2d6c6566743a333570783b6d617267696e2d746f703a333570787d3c2f7374796c653e3c2f686561643e3c626f64793e3c64697620636c6173733d226d796d476f223e3c64697620636c6173733d22615867614762223e3c666f6e74207374796c653d22666f6e742d73697a653a6c6172676572223e3c623e4176657274697373656d656e74206465207265646972656374696f6e3c2f623e3c2f666f6e743e3c2f6469763e3c2f6469763e3c64697620636c6173733d2266546b377664223e266e6273703b4c6120706167652071756520766f757320636f6e73756c7469657a2065737361696520646520766f7573207265646972696765722076657273203c6120687265663d2268747470733a2f2f7468656e6f756e70726f6a6563742e636f6d2f62726f7773652f69636f6e732f7465726d2f6e6f2d6974656d2f223e68747470733a2f2f7468656e6f756e70726f6a6563742e636f6d2f62726f7773652f69636f6e732f7465726d2f6e6f2d6974656d2f3c2f613e2e3c62723e3c62723e266e6273703b536920766f7573206e6520736f7568616974657a2070617320636f6e73756c74657220636574746520706167652c20766f757320706f7576657a203c6120687265663d2223222069643d2274737569645f31223e726576656e697220e0206c612070616765207072e963e964656e74653c2f613e2e3c736372697074206e6f6e63653d22366d7377527170704a563151363877656f4a6b615267223e2866756e6374696f6e28297b7661722069643d2774737569645f31273b2866756e6374696f6e28297b646f63756d656e742e676574456c656d656e7442794964286964292e6f6e636c69636b3d66756e6374696f6e28297b77696e646f772e686973746f72792e6261636b28293b72657475726e21317d3b7d292e63616c6c2874686973293b7d2928293b2866756e6374696f6e28297b7661722069643d2774737569645f31273b7661722063743d276f726967696e6c696e6b273b766172206f693d27756e617574686f72697a65647265646972656374273b2866756e6374696f6e28297b646f63756d656e742e676574456c656d656e7442794964286964292e6f6e6d6f757365646f776e3d66756e6374696f6e28297b76617220623d646f63756d656e742626646f63756d656e742e72656665727265722c613d22656e636f6465555249436f6d706f6e656e7422696e2077696e646f773f656e636f6465555249436f6d706f6e656e743a6573636170652c633d22223b62262628633d61286229293b286e657720496d616765292e7372633d222f75726c3f73613d542675726c3d222b632b22266f693d222b61286f69292b222663743d222b61286374293b72657475726e21317d3b7d292e63616c6c2874686973293b7d2928293b3c2f7363726970743e3c62723e3c62723e3c62723e3c2f6469763e3c2f626f64793e3c2f68746d6c3e),
(4, 0x3c68746d6c206c616e673d226672223e3c686561643e3c6d65746120687474702d65717569763d22436f6e74656e742d547970652220636f6e74656e743d22746578742f68746d6c3b20636861727365743d49534f2d383835392d31223e3c7469746c653e4176657274697373656d656e74206465207265646972656374696f6e3c2f7469746c653e3c7374796c653e626f64792c6469762c617b666f6e742d66616d696c793a617269616c2c73616e732d73657269667d626f64797b6261636b67726f756e642d636f6c6f723a236666663b6d617267696e2d746f703a3370787d6469767b636f6c6f723a233030307d613a6c696e6b7b636f6c6f723a233462313161383b7d613a766973697465647b636f6c6f723a233462313161383b7d613a6163746976657b636f6c6f723a236561343333357d6469762e6d796d476f7b626f726465722d746f703a31707820736f6c696420236461646365303b626f726465722d626f74746f6d3a31707820736f6c696420236461646365303b6261636b67726f756e643a236638663966613b6d617267696e2d746f703a31656d3b77696474683a313030257d6469762e6158676147627b70616464696e673a302e35656d20303b6d617267696e2d6c6566743a313070787d6469762e66546b3776647b6d617267696e2d6c6566743a333570783b6d617267696e2d746f703a333570787d3c2f7374796c653e3c2f686561643e3c626f64793e3c64697620636c6173733d226d796d476f223e3c64697620636c6173733d22615867614762223e3c666f6e74207374796c653d22666f6e742d73697a653a6c6172676572223e3c623e4176657274697373656d656e74206465207265646972656374696f6e3c2f623e3c2f666f6e743e3c2f6469763e3c2f6469763e3c64697620636c6173733d2266546b377664223e266e6273703b4c6120706167652071756520766f757320636f6e73756c7469657a2065737361696520646520766f7573207265646972696765722076657273203c6120687265663d2268747470733a2f2f7468656e6f756e70726f6a6563742e636f6d2f62726f7773652f69636f6e732f7465726d2f6e6f2d6974656d2f223e68747470733a2f2f7468656e6f756e70726f6a6563742e636f6d2f62726f7773652f69636f6e732f7465726d2f6e6f2d6974656d2f3c2f613e2e3c62723e3c62723e266e6273703b536920766f7573206e6520736f7568616974657a2070617320636f6e73756c74657220636574746520706167652c20766f757320706f7576657a203c6120687265663d2223222069643d2274737569645f31223e726576656e697220e0206c612070616765207072e963e964656e74653c2f613e2e3c736372697074206e6f6e63653d224c5230637651335268763374563659507a3359695151223e2866756e6374696f6e28297b7661722069643d2774737569645f31273b2866756e6374696f6e28297b646f63756d656e742e676574456c656d656e7442794964286964292e6f6e636c69636b3d66756e6374696f6e28297b77696e646f772e686973746f72792e6261636b28293b72657475726e21317d3b7d292e63616c6c2874686973293b7d2928293b2866756e6374696f6e28297b7661722069643d2774737569645f31273b7661722063743d276f726967696e6c696e6b273b766172206f693d27756e617574686f72697a65647265646972656374273b2866756e6374696f6e28297b646f63756d656e742e676574456c656d656e7442794964286964292e6f6e6d6f757365646f776e3d66756e6374696f6e28297b76617220623d646f63756d656e742626646f63756d656e742e72656665727265722c613d22656e636f6465555249436f6d706f6e656e7422696e2077696e646f773f656e636f6465555249436f6d706f6e656e743a6573636170652c633d22223b62262628633d61286229293b286e657720496d616765292e7372633d222f75726c3f73613d542675726c3d222b632b22266f693d222b61286f69292b222663743d222b61286374293b72657475726e21317d3b7d292e63616c6c2874686973293b7d2928293b3c2f7363726970743e3c62723e3c62723e3c62723e3c2f6469763e3c2f626f64793e3c2f68746d6c3e),
(5, 0x3c68746d6c206c616e673d226672223e3c686561643e3c6d65746120687474702d65717569763d22436f6e74656e742d547970652220636f6e74656e743d22746578742f68746d6c3b20636861727365743d49534f2d383835392d31223e3c7469746c653e4176657274697373656d656e74206465207265646972656374696f6e3c2f7469746c653e3c7374796c653e626f64792c6469762c617b666f6e742d66616d696c793a617269616c2c73616e732d73657269667d626f64797b6261636b67726f756e642d636f6c6f723a236666663b6d617267696e2d746f703a3370787d6469767b636f6c6f723a233030307d613a6c696e6b7b636f6c6f723a233462313161383b7d613a766973697465647b636f6c6f723a233462313161383b7d613a6163746976657b636f6c6f723a236561343333357d6469762e6d796d476f7b626f726465722d746f703a31707820736f6c696420236461646365303b626f726465722d626f74746f6d3a31707820736f6c696420236461646365303b6261636b67726f756e643a236638663966613b6d617267696e2d746f703a31656d3b77696474683a313030257d6469762e6158676147627b70616464696e673a302e35656d20303b6d617267696e2d6c6566743a313070787d6469762e66546b3776647b6d617267696e2d6c6566743a333570783b6d617267696e2d746f703a333570787d3c2f7374796c653e3c2f686561643e3c626f64793e3c64697620636c6173733d226d796d476f223e3c64697620636c6173733d22615867614762223e3c666f6e74207374796c653d22666f6e742d73697a653a6c6172676572223e3c623e4176657274697373656d656e74206465207265646972656374696f6e3c2f623e3c2f666f6e743e3c2f6469763e3c2f6469763e3c64697620636c6173733d2266546b377664223e266e6273703b4c6120706167652071756520766f757320636f6e73756c7469657a2065737361696520646520766f7573207265646972696765722076657273203c6120687265663d2268747470733a2f2f7468656e6f756e70726f6a6563742e636f6d2f62726f7773652f69636f6e732f7465726d2f6e6f2d6974656d2f223e68747470733a2f2f7468656e6f756e70726f6a6563742e636f6d2f62726f7773652f69636f6e732f7465726d2f6e6f2d6974656d2f3c2f613e2e3c62723e3c62723e266e6273703b536920766f7573206e6520736f7568616974657a2070617320636f6e73756c74657220636574746520706167652c20766f757320706f7576657a203c6120687265663d2223222069643d2274737569645f31223e726576656e697220e0206c612070616765207072e963e964656e74653c2f613e2e3c736372697074206e6f6e63653d223143497037306955724670436b6a436b7a2d64394c41223e2866756e6374696f6e28297b7661722069643d2774737569645f31273b2866756e6374696f6e28297b646f63756d656e742e676574456c656d656e7442794964286964292e6f6e636c69636b3d66756e6374696f6e28297b77696e646f772e686973746f72792e6261636b28293b72657475726e21317d3b7d292e63616c6c2874686973293b7d2928293b2866756e6374696f6e28297b7661722069643d2774737569645f31273b7661722063743d276f726967696e6c696e6b273b766172206f693d27756e617574686f72697a65647265646972656374273b2866756e6374696f6e28297b646f63756d656e742e676574456c656d656e7442794964286964292e6f6e6d6f757365646f776e3d66756e6374696f6e28297b76617220623d646f63756d656e742626646f63756d656e742e72656665727265722c613d22656e636f6465555249436f6d706f6e656e7422696e2077696e646f773f656e636f6465555249436f6d706f6e656e743a6573636170652c633d22223b62262628633d61286229293b286e657720496d616765292e7372633d222f75726c3f73613d542675726c3d222b632b22266f693d222b61286f69292b222663743d222b61286374293b72657475726e21317d3b7d292e63616c6c2874686973293b7d2928293b3c2f7363726970743e3c62723e3c62723e3c62723e3c2f6469763e3c2f626f64793e3c2f68746d6c3e),
(6, 0x3c68746d6c206c616e673d226672223e3c686561643e3c6d65746120687474702d65717569763d22436f6e74656e742d547970652220636f6e74656e743d22746578742f68746d6c3b20636861727365743d49534f2d383835392d31223e3c7469746c653e4176657274697373656d656e74206465207265646972656374696f6e3c2f7469746c653e3c7374796c653e626f64792c6469762c617b666f6e742d66616d696c793a617269616c2c73616e732d73657269667d626f64797b6261636b67726f756e642d636f6c6f723a236666663b6d617267696e2d746f703a3370787d6469767b636f6c6f723a233030307d613a6c696e6b7b636f6c6f723a233462313161383b7d613a766973697465647b636f6c6f723a233462313161383b7d613a6163746976657b636f6c6f723a236561343333357d6469762e6d796d476f7b626f726465722d746f703a31707820736f6c696420236461646365303b626f726465722d626f74746f6d3a31707820736f6c696420236461646365303b6261636b67726f756e643a236638663966613b6d617267696e2d746f703a31656d3b77696474683a313030257d6469762e6158676147627b70616464696e673a302e35656d20303b6d617267696e2d6c6566743a313070787d6469762e66546b3776647b6d617267696e2d6c6566743a333570783b6d617267696e2d746f703a333570787d3c2f7374796c653e3c2f686561643e3c626f64793e3c64697620636c6173733d226d796d476f223e3c64697620636c6173733d22615867614762223e3c666f6e74207374796c653d22666f6e742d73697a653a6c6172676572223e3c623e4176657274697373656d656e74206465207265646972656374696f6e3c2f623e3c2f666f6e743e3c2f6469763e3c2f6469763e3c64697620636c6173733d2266546b377664223e266e6273703b4c6120706167652071756520766f757320636f6e73756c7469657a2065737361696520646520766f7573207265646972696765722076657273203c6120687265663d2268747470733a2f2f7468656e6f756e70726f6a6563742e636f6d2f62726f7773652f69636f6e732f7465726d2f6e6f2d6974656d2f223e68747470733a2f2f7468656e6f756e70726f6a6563742e636f6d2f62726f7773652f69636f6e732f7465726d2f6e6f2d6974656d2f3c2f613e2e3c62723e3c62723e266e6273703b536920766f7573206e6520736f7568616974657a2070617320636f6e73756c74657220636574746520706167652c20766f757320706f7576657a203c6120687265663d2223222069643d2274737569645f31223e726576656e697220e0206c612070616765207072e963e964656e74653c2f613e2e3c736372697074206e6f6e63653d2269557a674161764846634a784278694e334646367177223e2866756e6374696f6e28297b7661722069643d2774737569645f31273b2866756e6374696f6e28297b646f63756d656e742e676574456c656d656e7442794964286964292e6f6e636c69636b3d66756e6374696f6e28297b77696e646f772e686973746f72792e6261636b28293b72657475726e21317d3b7d292e63616c6c2874686973293b7d2928293b2866756e6374696f6e28297b7661722069643d2774737569645f31273b7661722063743d276f726967696e6c696e6b273b766172206f693d27756e617574686f72697a65647265646972656374273b2866756e6374696f6e28297b646f63756d656e742e676574456c656d656e7442794964286964292e6f6e6d6f757365646f776e3d66756e6374696f6e28297b76617220623d646f63756d656e742626646f63756d656e742e72656665727265722c613d22656e636f6465555249436f6d706f6e656e7422696e2077696e646f773f656e636f6465555249436f6d706f6e656e743a6573636170652c633d22223b62262628633d61286229293b286e657720496d616765292e7372633d222f75726c3f73613d542675726c3d222b632b22266f693d222b61286f69292b222663743d222b61286374293b72657475726e21317d3b7d292e63616c6c2874686973293b7d2928293b3c2f7363726970743e3c62723e3c62723e3c62723e3c2f6469763e3c2f626f64793e3c2f68746d6c3e),
(7, 0x3c68746d6c206c616e673d226672223e3c686561643e3c6d65746120687474702d65717569763d22436f6e74656e742d547970652220636f6e74656e743d22746578742f68746d6c3b20636861727365743d49534f2d383835392d31223e3c7469746c653e4176657274697373656d656e74206465207265646972656374696f6e3c2f7469746c653e3c7374796c653e626f64792c6469762c617b666f6e742d66616d696c793a617269616c2c73616e732d73657269667d626f64797b6261636b67726f756e642d636f6c6f723a236666663b6d617267696e2d746f703a3370787d6469767b636f6c6f723a233030307d613a6c696e6b7b636f6c6f723a233462313161383b7d613a766973697465647b636f6c6f723a233462313161383b7d613a6163746976657b636f6c6f723a236561343333357d6469762e6d796d476f7b626f726465722d746f703a31707820736f6c696420236461646365303b626f726465722d626f74746f6d3a31707820736f6c696420236461646365303b6261636b67726f756e643a236638663966613b6d617267696e2d746f703a31656d3b77696474683a313030257d6469762e6158676147627b70616464696e673a302e35656d20303b6d617267696e2d6c6566743a313070787d6469762e66546b3776647b6d617267696e2d6c6566743a333570783b6d617267696e2d746f703a333570787d3c2f7374796c653e3c2f686561643e3c626f64793e3c64697620636c6173733d226d796d476f223e3c64697620636c6173733d22615867614762223e3c666f6e74207374796c653d22666f6e742d73697a653a6c6172676572223e3c623e4176657274697373656d656e74206465207265646972656374696f6e3c2f623e3c2f666f6e743e3c2f6469763e3c2f6469763e3c64697620636c6173733d2266546b377664223e266e6273703b4c6120706167652071756520766f757320636f6e73756c7469657a2065737361696520646520766f7573207265646972696765722076657273203c6120687265663d2268747470733a2f2f7468656e6f756e70726f6a6563742e636f6d2f62726f7773652f69636f6e732f7465726d2f6e6f2d6974656d2f223e68747470733a2f2f7468656e6f756e70726f6a6563742e636f6d2f62726f7773652f69636f6e732f7465726d2f6e6f2d6974656d2f3c2f613e2e3c62723e3c62723e266e6273703b536920766f7573206e6520736f7568616974657a2070617320636f6e73756c74657220636574746520706167652c20766f757320706f7576657a203c6120687265663d2223222069643d2274737569645f31223e726576656e697220e0206c612070616765207072e963e964656e74653c2f613e2e3c736372697074206e6f6e63653d22575a3836665534627430364874386950447946344b67223e2866756e6374696f6e28297b7661722069643d2774737569645f31273b2866756e6374696f6e28297b646f63756d656e742e676574456c656d656e7442794964286964292e6f6e636c69636b3d66756e6374696f6e28297b77696e646f772e686973746f72792e6261636b28293b72657475726e21317d3b7d292e63616c6c2874686973293b7d2928293b2866756e6374696f6e28297b7661722069643d2774737569645f31273b7661722063743d276f726967696e6c696e6b273b766172206f693d27756e617574686f72697a65647265646972656374273b2866756e6374696f6e28297b646f63756d656e742e676574456c656d656e7442794964286964292e6f6e6d6f757365646f776e3d66756e6374696f6e28297b76617220623d646f63756d656e742626646f63756d656e742e72656665727265722c613d22656e636f6465555249436f6d706f6e656e7422696e2077696e646f773f656e636f6465555249436f6d706f6e656e743a6573636170652c633d22223b62262628633d61286229293b286e657720496d616765292e7372633d222f75726c3f73613d542675726c3d222b632b22266f693d222b61286f69292b222663743d222b61286374293b72657475726e21317d3b7d292e63616c6c2874686973293b7d2928293b3c2f7363726970743e3c62723e3c62723e3c62723e3c2f6469763e3c2f626f64793e3c2f68746d6c3e),
(8, 0x3c68746d6c206c616e673d226672223e3c686561643e3c6d65746120687474702d65717569763d22436f6e74656e742d547970652220636f6e74656e743d22746578742f68746d6c3b20636861727365743d49534f2d383835392d31223e3c7469746c653e4176657274697373656d656e74206465207265646972656374696f6e3c2f7469746c653e3c7374796c653e626f64792c6469762c617b666f6e742d66616d696c793a617269616c2c73616e732d73657269667d626f64797b6261636b67726f756e642d636f6c6f723a236666663b6d617267696e2d746f703a3370787d6469767b636f6c6f723a233030307d613a6c696e6b7b636f6c6f723a233462313161383b7d613a766973697465647b636f6c6f723a233462313161383b7d613a6163746976657b636f6c6f723a236561343333357d6469762e6d796d476f7b626f726465722d746f703a31707820736f6c696420236461646365303b626f726465722d626f74746f6d3a31707820736f6c696420236461646365303b6261636b67726f756e643a236638663966613b6d617267696e2d746f703a31656d3b77696474683a313030257d6469762e6158676147627b70616464696e673a302e35656d20303b6d617267696e2d6c6566743a313070787d6469762e66546b3776647b6d617267696e2d6c6566743a333570783b6d617267696e2d746f703a333570787d3c2f7374796c653e3c2f686561643e3c626f64793e3c64697620636c6173733d226d796d476f223e3c64697620636c6173733d22615867614762223e3c666f6e74207374796c653d22666f6e742d73697a653a6c6172676572223e3c623e4176657274697373656d656e74206465207265646972656374696f6e3c2f623e3c2f666f6e743e3c2f6469763e3c2f6469763e3c64697620636c6173733d2266546b377664223e266e6273703b4c6120706167652071756520766f757320636f6e73756c7469657a2065737361696520646520766f7573207265646972696765722076657273203c6120687265663d2268747470733a2f2f7468656e6f756e70726f6a6563742e636f6d2f62726f7773652f69636f6e732f7465726d2f6e6f2d6974656d2f223e68747470733a2f2f7468656e6f756e70726f6a6563742e636f6d2f62726f7773652f69636f6e732f7465726d2f6e6f2d6974656d2f3c2f613e2e3c62723e3c62723e266e6273703b536920766f7573206e6520736f7568616974657a2070617320636f6e73756c74657220636574746520706167652c20766f757320706f7576657a203c6120687265663d2223222069643d2274737569645f31223e726576656e697220e0206c612070616765207072e963e964656e74653c2f613e2e3c736372697074206e6f6e63653d22554836334d364a6b6a5f4f6649385541376f354a3077223e2866756e6374696f6e28297b7661722069643d2774737569645f31273b2866756e6374696f6e28297b646f63756d656e742e676574456c656d656e7442794964286964292e6f6e636c69636b3d66756e6374696f6e28297b77696e646f772e686973746f72792e6261636b28293b72657475726e21317d3b7d292e63616c6c2874686973293b7d2928293b2866756e6374696f6e28297b7661722069643d2774737569645f31273b7661722063743d276f726967696e6c696e6b273b766172206f693d27756e617574686f72697a65647265646972656374273b2866756e6374696f6e28297b646f63756d656e742e676574456c656d656e7442794964286964292e6f6e6d6f757365646f776e3d66756e6374696f6e28297b76617220623d646f63756d656e742626646f63756d656e742e72656665727265722c613d22656e636f6465555249436f6d706f6e656e7422696e2077696e646f773f656e636f6465555249436f6d706f6e656e743a6573636170652c633d22223b62262628633d61286229293b286e657720496d616765292e7372633d222f75726c3f73613d542675726c3d222b632b22266f693d222b61286f69292b222663743d222b61286374293b72657475726e21317d3b7d292e63616c6c2874686973293b7d2928293b3c2f7363726970743e3c62723e3c62723e3c62723e3c2f6469763e3c2f626f64793e3c2f68746d6c3e),
(9, 0x3c68746d6c206c616e673d226672223e3c686561643e3c6d65746120687474702d65717569763d22436f6e74656e742d547970652220636f6e74656e743d22746578742f68746d6c3b20636861727365743d49534f2d383835392d31223e3c7469746c653e4176657274697373656d656e74206465207265646972656374696f6e3c2f7469746c653e3c7374796c653e626f64792c6469762c617b666f6e742d66616d696c793a617269616c2c73616e732d73657269667d626f64797b6261636b67726f756e642d636f6c6f723a236666663b6d617267696e2d746f703a3370787d6469767b636f6c6f723a233030307d613a6c696e6b7b636f6c6f723a233462313161383b7d613a766973697465647b636f6c6f723a233462313161383b7d613a6163746976657b636f6c6f723a236561343333357d6469762e6d796d476f7b626f726465722d746f703a31707820736f6c696420236461646365303b626f726465722d626f74746f6d3a31707820736f6c696420236461646365303b6261636b67726f756e643a236638663966613b6d617267696e2d746f703a31656d3b77696474683a313030257d6469762e6158676147627b70616464696e673a302e35656d20303b6d617267696e2d6c6566743a313070787d6469762e66546b3776647b6d617267696e2d6c6566743a333570783b6d617267696e2d746f703a333570787d3c2f7374796c653e3c2f686561643e3c626f64793e3c64697620636c6173733d226d796d476f223e3c64697620636c6173733d22615867614762223e3c666f6e74207374796c653d22666f6e742d73697a653a6c6172676572223e3c623e4176657274697373656d656e74206465207265646972656374696f6e3c2f623e3c2f666f6e743e3c2f6469763e3c2f6469763e3c64697620636c6173733d2266546b377664223e266e6273703b4c6120706167652071756520766f757320636f6e73756c7469657a2065737361696520646520766f7573207265646972696765722076657273203c6120687265663d2268747470733a2f2f7468656e6f756e70726f6a6563742e636f6d2f62726f7773652f69636f6e732f7465726d2f6e6f2d6974656d2f223e68747470733a2f2f7468656e6f756e70726f6a6563742e636f6d2f62726f7773652f69636f6e732f7465726d2f6e6f2d6974656d2f3c2f613e2e3c62723e3c62723e266e6273703b536920766f7573206e6520736f7568616974657a2070617320636f6e73756c74657220636574746520706167652c20766f757320706f7576657a203c6120687265663d2223222069643d2274737569645f31223e726576656e697220e0206c612070616765207072e963e964656e74653c2f613e2e3c736372697074206e6f6e63653d224b45612d537a4d734e6e4e586c625f4f59666b427577223e2866756e6374696f6e28297b7661722069643d2774737569645f31273b2866756e6374696f6e28297b646f63756d656e742e676574456c656d656e7442794964286964292e6f6e636c69636b3d66756e6374696f6e28297b77696e646f772e686973746f72792e6261636b28293b72657475726e21317d3b7d292e63616c6c2874686973293b7d2928293b2866756e6374696f6e28297b7661722069643d2774737569645f31273b7661722063743d276f726967696e6c696e6b273b766172206f693d27756e617574686f72697a65647265646972656374273b2866756e6374696f6e28297b646f63756d656e742e676574456c656d656e7442794964286964292e6f6e6d6f757365646f776e3d66756e6374696f6e28297b76617220623d646f63756d656e742626646f63756d656e742e72656665727265722c613d22656e636f6465555249436f6d706f6e656e7422696e2077696e646f773f656e636f6465555249436f6d706f6e656e743a6573636170652c633d22223b62262628633d61286229293b286e657720496d616765292e7372633d222f75726c3f73613d542675726c3d222b632b22266f693d222b61286f69292b222663743d222b61286374293b72657475726e21317d3b7d292e63616c6c2874686973293b7d2928293b3c2f7363726970743e3c62723e3c62723e3c62723e3c2f6469763e3c2f626f64793e3c2f68746d6c3e),
(10, 0x3c68746d6c206c616e673d226672223e3c686561643e3c6d65746120687474702d65717569763d22436f6e74656e742d547970652220636f6e74656e743d22746578742f68746d6c3b20636861727365743d49534f2d383835392d31223e3c7469746c653e4176657274697373656d656e74206465207265646972656374696f6e3c2f7469746c653e3c7374796c653e626f64792c6469762c617b666f6e742d66616d696c793a617269616c2c73616e732d73657269667d626f64797b6261636b67726f756e642d636f6c6f723a236666663b6d617267696e2d746f703a3370787d6469767b636f6c6f723a233030307d613a6c696e6b7b636f6c6f723a233462313161383b7d613a766973697465647b636f6c6f723a233462313161383b7d613a6163746976657b636f6c6f723a236561343333357d6469762e6d796d476f7b626f726465722d746f703a31707820736f6c696420236461646365303b626f726465722d626f74746f6d3a31707820736f6c696420236461646365303b6261636b67726f756e643a236638663966613b6d617267696e2d746f703a31656d3b77696474683a313030257d6469762e6158676147627b70616464696e673a302e35656d20303b6d617267696e2d6c6566743a313070787d6469762e66546b3776647b6d617267696e2d6c6566743a333570783b6d617267696e2d746f703a333570787d3c2f7374796c653e3c2f686561643e3c626f64793e3c64697620636c6173733d226d796d476f223e3c64697620636c6173733d22615867614762223e3c666f6e74207374796c653d22666f6e742d73697a653a6c6172676572223e3c623e4176657274697373656d656e74206465207265646972656374696f6e3c2f623e3c2f666f6e743e3c2f6469763e3c2f6469763e3c64697620636c6173733d2266546b377664223e266e6273703b4c6120706167652071756520766f757320636f6e73756c7469657a2065737361696520646520766f7573207265646972696765722076657273203c6120687265663d2268747470733a2f2f7468656e6f756e70726f6a6563742e636f6d2f62726f7773652f69636f6e732f7465726d2f6e6f2d6974656d2f223e68747470733a2f2f7468656e6f756e70726f6a6563742e636f6d2f62726f7773652f69636f6e732f7465726d2f6e6f2d6974656d2f3c2f613e2e3c62723e3c62723e266e6273703b536920766f7573206e6520736f7568616974657a2070617320636f6e73756c74657220636574746520706167652c20766f757320706f7576657a203c6120687265663d2223222069643d2274737569645f31223e726576656e697220e0206c612070616765207072e963e964656e74653c2f613e2e3c736372697074206e6f6e63653d2235455672545f71304d374371484f36396b354e4c5777223e2866756e6374696f6e28297b7661722069643d2774737569645f31273b2866756e6374696f6e28297b646f63756d656e742e676574456c656d656e7442794964286964292e6f6e636c69636b3d66756e6374696f6e28297b77696e646f772e686973746f72792e6261636b28293b72657475726e21317d3b7d292e63616c6c2874686973293b7d2928293b2866756e6374696f6e28297b7661722069643d2774737569645f31273b7661722063743d276f726967696e6c696e6b273b766172206f693d27756e617574686f72697a65647265646972656374273b2866756e6374696f6e28297b646f63756d656e742e676574456c656d656e7442794964286964292e6f6e6d6f757365646f776e3d66756e6374696f6e28297b76617220623d646f63756d656e742626646f63756d656e742e72656665727265722c613d22656e636f6465555249436f6d706f6e656e7422696e2077696e646f773f656e636f6465555249436f6d706f6e656e743a6573636170652c633d22223b62262628633d61286229293b286e657720496d616765292e7372633d222f75726c3f73613d542675726c3d222b632b22266f693d222b61286f69292b222663743d222b61286374293b72657475726e21317d3b7d292e63616c6c2874686973293b7d2928293b3c2f7363726970743e3c62723e3c62723e3c62723e3c2f6469763e3c2f626f64793e3c2f68746d6c3e),
(11, 0x3c68746d6c206c616e673d226672223e3c686561643e3c6d65746120687474702d65717569763d22436f6e74656e742d547970652220636f6e74656e743d22746578742f68746d6c3b20636861727365743d49534f2d383835392d31223e3c7469746c653e4176657274697373656d656e74206465207265646972656374696f6e3c2f7469746c653e3c7374796c653e626f64792c6469762c617b666f6e742d66616d696c793a617269616c2c73616e732d73657269667d626f64797b6261636b67726f756e642d636f6c6f723a236666663b6d617267696e2d746f703a3370787d6469767b636f6c6f723a233030307d613a6c696e6b7b636f6c6f723a233462313161383b7d613a766973697465647b636f6c6f723a233462313161383b7d613a6163746976657b636f6c6f723a236561343333357d6469762e6d796d476f7b626f726465722d746f703a31707820736f6c696420236461646365303b626f726465722d626f74746f6d3a31707820736f6c696420236461646365303b6261636b67726f756e643a236638663966613b6d617267696e2d746f703a31656d3b77696474683a313030257d6469762e6158676147627b70616464696e673a302e35656d20303b6d617267696e2d6c6566743a313070787d6469762e66546b3776647b6d617267696e2d6c6566743a333570783b6d617267696e2d746f703a333570787d3c2f7374796c653e3c2f686561643e3c626f64793e3c64697620636c6173733d226d796d476f223e3c64697620636c6173733d22615867614762223e3c666f6e74207374796c653d22666f6e742d73697a653a6c6172676572223e3c623e4176657274697373656d656e74206465207265646972656374696f6e3c2f623e3c2f666f6e743e3c2f6469763e3c2f6469763e3c64697620636c6173733d2266546b377664223e266e6273703b4c6120706167652071756520766f757320636f6e73756c7469657a2065737361696520646520766f7573207265646972696765722076657273203c6120687265663d2268747470733a2f2f7468656e6f756e70726f6a6563742e636f6d2f62726f7773652f69636f6e732f7465726d2f6e6f2d6974656d2f223e68747470733a2f2f7468656e6f756e70726f6a6563742e636f6d2f62726f7773652f69636f6e732f7465726d2f6e6f2d6974656d2f3c2f613e2e3c62723e3c62723e266e6273703b536920766f7573206e6520736f7568616974657a2070617320636f6e73756c74657220636574746520706167652c20766f757320706f7576657a203c6120687265663d2223222069643d2274737569645f31223e726576656e697220e0206c612070616765207072e963e964656e74653c2f613e2e3c736372697074206e6f6e63653d226d76767041446e703751774e715175516e4e616f5a51223e2866756e6374696f6e28297b7661722069643d2774737569645f31273b2866756e6374696f6e28297b646f63756d656e742e676574456c656d656e7442794964286964292e6f6e636c69636b3d66756e6374696f6e28297b77696e646f772e686973746f72792e6261636b28293b72657475726e21317d3b7d292e63616c6c2874686973293b7d2928293b2866756e6374696f6e28297b7661722069643d2774737569645f31273b7661722063743d276f726967696e6c696e6b273b766172206f693d27756e617574686f72697a65647265646972656374273b2866756e6374696f6e28297b646f63756d656e742e676574456c656d656e7442794964286964292e6f6e6d6f757365646f776e3d66756e6374696f6e28297b76617220623d646f63756d656e742626646f63756d656e742e72656665727265722c613d22656e636f6465555249436f6d706f6e656e7422696e2077696e646f773f656e636f6465555249436f6d706f6e656e743a6573636170652c633d22223b62262628633d61286229293b286e657720496d616765292e7372633d222f75726c3f73613d542675726c3d222b632b22266f693d222b61286f69292b222663743d222b61286374293b72657475726e21317d3b7d292e63616c6c2874686973293b7d2928293b3c2f7363726970743e3c62723e3c62723e3c62723e3c2f6469763e3c2f626f64793e3c2f68746d6c3e),
(12, 0x3c68746d6c206c616e673d226672223e3c686561643e3c6d65746120687474702d65717569763d22436f6e74656e742d547970652220636f6e74656e743d22746578742f68746d6c3b20636861727365743d49534f2d383835392d31223e3c7469746c653e4176657274697373656d656e74206465207265646972656374696f6e3c2f7469746c653e3c7374796c653e626f64792c6469762c617b666f6e742d66616d696c793a617269616c2c73616e732d73657269667d626f64797b6261636b67726f756e642d636f6c6f723a236666663b6d617267696e2d746f703a3370787d6469767b636f6c6f723a233030307d613a6c696e6b7b636f6c6f723a233462313161383b7d613a766973697465647b636f6c6f723a233462313161383b7d613a6163746976657b636f6c6f723a236561343333357d6469762e6d796d476f7b626f726465722d746f703a31707820736f6c696420236461646365303b626f726465722d626f74746f6d3a31707820736f6c696420236461646365303b6261636b67726f756e643a236638663966613b6d617267696e2d746f703a31656d3b77696474683a313030257d6469762e6158676147627b70616464696e673a302e35656d20303b6d617267696e2d6c6566743a313070787d6469762e66546b3776647b6d617267696e2d6c6566743a333570783b6d617267696e2d746f703a333570787d3c2f7374796c653e3c2f686561643e3c626f64793e3c64697620636c6173733d226d796d476f223e3c64697620636c6173733d22615867614762223e3c666f6e74207374796c653d22666f6e742d73697a653a6c6172676572223e3c623e4176657274697373656d656e74206465207265646972656374696f6e3c2f623e3c2f666f6e743e3c2f6469763e3c2f6469763e3c64697620636c6173733d2266546b377664223e266e6273703b4c6120706167652071756520766f757320636f6e73756c7469657a2065737361696520646520766f7573207265646972696765722076657273203c6120687265663d2268747470733a2f2f7468656e6f756e70726f6a6563742e636f6d2f62726f7773652f69636f6e732f7465726d2f6e6f2d6974656d2f223e68747470733a2f2f7468656e6f756e70726f6a6563742e636f6d2f62726f7773652f69636f6e732f7465726d2f6e6f2d6974656d2f3c2f613e2e3c62723e3c62723e266e6273703b536920766f7573206e6520736f7568616974657a2070617320636f6e73756c74657220636574746520706167652c20766f757320706f7576657a203c6120687265663d2223222069643d2274737569645f31223e726576656e697220e0206c612070616765207072e963e964656e74653c2f613e2e3c736372697074206e6f6e63653d226e365f676443674d73774775586436506d4d57757941223e2866756e6374696f6e28297b7661722069643d2774737569645f31273b2866756e6374696f6e28297b646f63756d656e742e676574456c656d656e7442794964286964292e6f6e636c69636b3d66756e6374696f6e28297b77696e646f772e686973746f72792e6261636b28293b72657475726e21317d3b7d292e63616c6c2874686973293b7d2928293b2866756e6374696f6e28297b7661722069643d2774737569645f31273b7661722063743d276f726967696e6c696e6b273b766172206f693d27756e617574686f72697a65647265646972656374273b2866756e6374696f6e28297b646f63756d656e742e676574456c656d656e7442794964286964292e6f6e6d6f757365646f776e3d66756e6374696f6e28297b76617220623d646f63756d656e742626646f63756d656e742e72656665727265722c613d22656e636f6465555249436f6d706f6e656e7422696e2077696e646f773f656e636f6465555249436f6d706f6e656e743a6573636170652c633d22223b62262628633d61286229293b286e657720496d616765292e7372633d222f75726c3f73613d542675726c3d222b632b22266f693d222b61286f69292b222663743d222b61286374293b72657475726e21317d3b7d292e63616c6c2874686973293b7d2928293b3c2f7363726970743e3c62723e3c62723e3c62723e3c2f6469763e3c2f626f64793e3c2f68746d6c3e),
(13, 0x3c68746d6c206c616e673d226672223e3c686561643e3c6d65746120687474702d65717569763d22436f6e74656e742d547970652220636f6e74656e743d22746578742f68746d6c3b20636861727365743d49534f2d383835392d31223e3c7469746c653e4176657274697373656d656e74206465207265646972656374696f6e3c2f7469746c653e3c7374796c653e626f64792c6469762c617b666f6e742d66616d696c793a617269616c2c73616e732d73657269667d626f64797b6261636b67726f756e642d636f6c6f723a236666663b6d617267696e2d746f703a3370787d6469767b636f6c6f723a233030307d613a6c696e6b7b636f6c6f723a233462313161383b7d613a766973697465647b636f6c6f723a233462313161383b7d613a6163746976657b636f6c6f723a236561343333357d6469762e6d796d476f7b626f726465722d746f703a31707820736f6c696420236461646365303b626f726465722d626f74746f6d3a31707820736f6c696420236461646365303b6261636b67726f756e643a236638663966613b6d617267696e2d746f703a31656d3b77696474683a313030257d6469762e6158676147627b70616464696e673a302e35656d20303b6d617267696e2d6c6566743a313070787d6469762e66546b3776647b6d617267696e2d6c6566743a333570783b6d617267696e2d746f703a333570787d3c2f7374796c653e3c2f686561643e3c626f64793e3c64697620636c6173733d226d796d476f223e3c64697620636c6173733d22615867614762223e3c666f6e74207374796c653d22666f6e742d73697a653a6c6172676572223e3c623e4176657274697373656d656e74206465207265646972656374696f6e3c2f623e3c2f666f6e743e3c2f6469763e3c2f6469763e3c64697620636c6173733d2266546b377664223e266e6273703b4c6120706167652071756520766f757320636f6e73756c7469657a2065737361696520646520766f7573207265646972696765722076657273203c6120687265663d2268747470733a2f2f7468656e6f756e70726f6a6563742e636f6d2f62726f7773652f69636f6e732f7465726d2f6e6f2d6974656d2f223e68747470733a2f2f7468656e6f756e70726f6a6563742e636f6d2f62726f7773652f69636f6e732f7465726d2f6e6f2d6974656d2f3c2f613e2e3c62723e3c62723e266e6273703b536920766f7573206e6520736f7568616974657a2070617320636f6e73756c74657220636574746520706167652c20766f757320706f7576657a203c6120687265663d2223222069643d2274737569645f31223e726576656e697220e0206c612070616765207072e963e964656e74653c2f613e2e3c736372697074206e6f6e63653d2246596231586170316f2d5035646b4e483051306a6667223e2866756e6374696f6e28297b7661722069643d2774737569645f31273b2866756e6374696f6e28297b646f63756d656e742e676574456c656d656e7442794964286964292e6f6e636c69636b3d66756e6374696f6e28297b77696e646f772e686973746f72792e6261636b28293b72657475726e21317d3b7d292e63616c6c2874686973293b7d2928293b2866756e6374696f6e28297b7661722069643d2774737569645f31273b7661722063743d276f726967696e6c696e6b273b766172206f693d27756e617574686f72697a65647265646972656374273b2866756e6374696f6e28297b646f63756d656e742e676574456c656d656e7442794964286964292e6f6e6d6f757365646f776e3d66756e6374696f6e28297b76617220623d646f63756d656e742626646f63756d656e742e72656665727265722c613d22656e636f6465555249436f6d706f6e656e7422696e2077696e646f773f656e636f6465555249436f6d706f6e656e743a6573636170652c633d22223b62262628633d61286229293b286e657720496d616765292e7372633d222f75726c3f73613d542675726c3d222b632b22266f693d222b61286f69292b222663743d222b61286374293b72657475726e21317d3b7d292e63616c6c2874686973293b7d2928293b3c2f7363726970743e3c62723e3c62723e3c62723e3c2f6469763e3c2f626f64793e3c2f68746d6c3e),
(14, 0x3c68746d6c206c616e673d226672223e3c686561643e3c6d65746120687474702d65717569763d22436f6e74656e742d547970652220636f6e74656e743d22746578742f68746d6c3b20636861727365743d49534f2d383835392d31223e3c7469746c653e4176657274697373656d656e74206465207265646972656374696f6e3c2f7469746c653e3c7374796c653e626f64792c6469762c617b666f6e742d66616d696c793a617269616c2c73616e732d73657269667d626f64797b6261636b67726f756e642d636f6c6f723a236666663b6d617267696e2d746f703a3370787d6469767b636f6c6f723a233030307d613a6c696e6b7b636f6c6f723a233462313161383b7d613a766973697465647b636f6c6f723a233462313161383b7d613a6163746976657b636f6c6f723a236561343333357d6469762e6d796d476f7b626f726465722d746f703a31707820736f6c696420236461646365303b626f726465722d626f74746f6d3a31707820736f6c696420236461646365303b6261636b67726f756e643a236638663966613b6d617267696e2d746f703a31656d3b77696474683a313030257d6469762e6158676147627b70616464696e673a302e35656d20303b6d617267696e2d6c6566743a313070787d6469762e66546b3776647b6d617267696e2d6c6566743a333570783b6d617267696e2d746f703a333570787d3c2f7374796c653e3c2f686561643e3c626f64793e3c64697620636c6173733d226d796d476f223e3c64697620636c6173733d22615867614762223e3c666f6e74207374796c653d22666f6e742d73697a653a6c6172676572223e3c623e4176657274697373656d656e74206465207265646972656374696f6e3c2f623e3c2f666f6e743e3c2f6469763e3c2f6469763e3c64697620636c6173733d2266546b377664223e266e6273703b4c6120706167652071756520766f757320636f6e73756c7469657a2065737361696520646520766f7573207265646972696765722076657273203c6120687265663d2268747470733a2f2f7468656e6f756e70726f6a6563742e636f6d2f62726f7773652f69636f6e732f7465726d2f6e6f2d6974656d2f223e68747470733a2f2f7468656e6f756e70726f6a6563742e636f6d2f62726f7773652f69636f6e732f7465726d2f6e6f2d6974656d2f3c2f613e2e3c62723e3c62723e266e6273703b536920766f7573206e6520736f7568616974657a2070617320636f6e73756c74657220636574746520706167652c20766f757320706f7576657a203c6120687265663d2223222069643d2274737569645f31223e726576656e697220e0206c612070616765207072e963e964656e74653c2f613e2e3c736372697074206e6f6e63653d22764b5061344430707a6c585f6453662d6e576d417351223e2866756e6374696f6e28297b7661722069643d2774737569645f31273b2866756e6374696f6e28297b646f63756d656e742e676574456c656d656e7442794964286964292e6f6e636c69636b3d66756e6374696f6e28297b77696e646f772e686973746f72792e6261636b28293b72657475726e21317d3b7d292e63616c6c2874686973293b7d2928293b2866756e6374696f6e28297b7661722069643d2774737569645f31273b7661722063743d276f726967696e6c696e6b273b766172206f693d27756e617574686f72697a65647265646972656374273b2866756e6374696f6e28297b646f63756d656e742e676574456c656d656e7442794964286964292e6f6e6d6f757365646f776e3d66756e6374696f6e28297b76617220623d646f63756d656e742626646f63756d656e742e72656665727265722c613d22656e636f6465555249436f6d706f6e656e7422696e2077696e646f773f656e636f6465555249436f6d706f6e656e743a6573636170652c633d22223b62262628633d61286229293b286e657720496d616765292e7372633d222f75726c3f73613d542675726c3d222b632b22266f693d222b61286f69292b222663743d222b61286374293b72657475726e21317d3b7d292e63616c6c2874686973293b7d2928293b3c2f7363726970743e3c62723e3c62723e3c62723e3c2f6469763e3c2f626f64793e3c2f68746d6c3e),
(15, 0x3c68746d6c206c616e673d226672223e3c686561643e3c6d65746120687474702d65717569763d22436f6e74656e742d547970652220636f6e74656e743d22746578742f68746d6c3b20636861727365743d49534f2d383835392d31223e3c7469746c653e4176657274697373656d656e74206465207265646972656374696f6e3c2f7469746c653e3c7374796c653e626f64792c6469762c617b666f6e742d66616d696c793a617269616c2c73616e732d73657269667d626f64797b6261636b67726f756e642d636f6c6f723a236666663b6d617267696e2d746f703a3370787d6469767b636f6c6f723a233030307d613a6c696e6b7b636f6c6f723a233462313161383b7d613a766973697465647b636f6c6f723a233462313161383b7d613a6163746976657b636f6c6f723a236561343333357d6469762e6d796d476f7b626f726465722d746f703a31707820736f6c696420236461646365303b626f726465722d626f74746f6d3a31707820736f6c696420236461646365303b6261636b67726f756e643a236638663966613b6d617267696e2d746f703a31656d3b77696474683a313030257d6469762e6158676147627b70616464696e673a302e35656d20303b6d617267696e2d6c6566743a313070787d6469762e66546b3776647b6d617267696e2d6c6566743a333570783b6d617267696e2d746f703a333570787d3c2f7374796c653e3c2f686561643e3c626f64793e3c64697620636c6173733d226d796d476f223e3c64697620636c6173733d22615867614762223e3c666f6e74207374796c653d22666f6e742d73697a653a6c6172676572223e3c623e4176657274697373656d656e74206465207265646972656374696f6e3c2f623e3c2f666f6e743e3c2f6469763e3c2f6469763e3c64697620636c6173733d2266546b377664223e266e6273703b4c6120706167652071756520766f757320636f6e73756c7469657a2065737361696520646520766f7573207265646972696765722076657273203c6120687265663d2268747470733a2f2f7468656e6f756e70726f6a6563742e636f6d2f62726f7773652f69636f6e732f7465726d2f6e6f2d6974656d2f223e68747470733a2f2f7468656e6f756e70726f6a6563742e636f6d2f62726f7773652f69636f6e732f7465726d2f6e6f2d6974656d2f3c2f613e2e3c62723e3c62723e266e6273703b536920766f7573206e6520736f7568616974657a2070617320636f6e73756c74657220636574746520706167652c20766f757320706f7576657a203c6120687265663d2223222069643d2274737569645f31223e726576656e697220e0206c612070616765207072e963e964656e74653c2f613e2e3c736372697074206e6f6e63653d226f534665377962745a5a7a5961536244477034702d51223e2866756e6374696f6e28297b7661722069643d2774737569645f31273b2866756e6374696f6e28297b646f63756d656e742e676574456c656d656e7442794964286964292e6f6e636c69636b3d66756e6374696f6e28297b77696e646f772e686973746f72792e6261636b28293b72657475726e21317d3b7d292e63616c6c2874686973293b7d2928293b2866756e6374696f6e28297b7661722069643d2774737569645f31273b7661722063743d276f726967696e6c696e6b273b766172206f693d27756e617574686f72697a65647265646972656374273b2866756e6374696f6e28297b646f63756d656e742e676574456c656d656e7442794964286964292e6f6e6d6f757365646f776e3d66756e6374696f6e28297b76617220623d646f63756d656e742626646f63756d656e742e72656665727265722c613d22656e636f6465555249436f6d706f6e656e7422696e2077696e646f773f656e636f6465555249436f6d706f6e656e743a6573636170652c633d22223b62262628633d61286229293b286e657720496d616765292e7372633d222f75726c3f73613d542675726c3d222b632b22266f693d222b61286f69292b222663743d222b61286374293b72657475726e21317d3b7d292e63616c6c2874686973293b7d2928293b3c2f7363726970743e3c62723e3c62723e3c62723e3c2f6469763e3c2f626f64793e3c2f68746d6c3e),
(16, 0x3c68746d6c206c616e673d226672223e3c686561643e3c6d65746120687474702d65717569763d22436f6e74656e742d547970652220636f6e74656e743d22746578742f68746d6c3b20636861727365743d49534f2d383835392d31223e3c7469746c653e4176657274697373656d656e74206465207265646972656374696f6e3c2f7469746c653e3c7374796c653e626f64792c6469762c617b666f6e742d66616d696c793a617269616c2c73616e732d73657269667d626f64797b6261636b67726f756e642d636f6c6f723a236666663b6d617267696e2d746f703a3370787d6469767b636f6c6f723a233030307d613a6c696e6b7b636f6c6f723a233462313161383b7d613a766973697465647b636f6c6f723a233462313161383b7d613a6163746976657b636f6c6f723a236561343333357d6469762e6d796d476f7b626f726465722d746f703a31707820736f6c696420236461646365303b626f726465722d626f74746f6d3a31707820736f6c696420236461646365303b6261636b67726f756e643a236638663966613b6d617267696e2d746f703a31656d3b77696474683a313030257d6469762e6158676147627b70616464696e673a302e35656d20303b6d617267696e2d6c6566743a313070787d6469762e66546b3776647b6d617267696e2d6c6566743a333570783b6d617267696e2d746f703a333570787d3c2f7374796c653e3c2f686561643e3c626f64793e3c64697620636c6173733d226d796d476f223e3c64697620636c6173733d22615867614762223e3c666f6e74207374796c653d22666f6e742d73697a653a6c6172676572223e3c623e4176657274697373656d656e74206465207265646972656374696f6e3c2f623e3c2f666f6e743e3c2f6469763e3c2f6469763e3c64697620636c6173733d2266546b377664223e266e6273703b4c6120706167652071756520766f757320636f6e73756c7469657a2065737361696520646520766f7573207265646972696765722076657273203c6120687265663d2268747470733a2f2f7468656e6f756e70726f6a6563742e636f6d2f62726f7773652f69636f6e732f7465726d2f6e6f2d6974656d2f223e68747470733a2f2f7468656e6f756e70726f6a6563742e636f6d2f62726f7773652f69636f6e732f7465726d2f6e6f2d6974656d2f3c2f613e2e3c62723e3c62723e266e6273703b536920766f7573206e6520736f7568616974657a2070617320636f6e73756c74657220636574746520706167652c20766f757320706f7576657a203c6120687265663d2223222069643d2274737569645f31223e726576656e697220e0206c612070616765207072e963e964656e74653c2f613e2e3c736372697074206e6f6e63653d2275455a7a4d2d703974524d413255756d42496b646c77223e2866756e6374696f6e28297b7661722069643d2774737569645f31273b2866756e6374696f6e28297b646f63756d656e742e676574456c656d656e7442794964286964292e6f6e636c69636b3d66756e6374696f6e28297b77696e646f772e686973746f72792e6261636b28293b72657475726e21317d3b7d292e63616c6c2874686973293b7d2928293b2866756e6374696f6e28297b7661722069643d2774737569645f31273b7661722063743d276f726967696e6c696e6b273b766172206f693d27756e617574686f72697a65647265646972656374273b2866756e6374696f6e28297b646f63756d656e742e676574456c656d656e7442794964286964292e6f6e6d6f757365646f776e3d66756e6374696f6e28297b76617220623d646f63756d656e742626646f63756d656e742e72656665727265722c613d22656e636f6465555249436f6d706f6e656e7422696e2077696e646f773f656e636f6465555249436f6d706f6e656e743a6573636170652c633d22223b62262628633d61286229293b286e657720496d616765292e7372633d222f75726c3f73613d542675726c3d222b632b22266f693d222b61286f69292b222663743d222b61286374293b72657475726e21317d3b7d292e63616c6c2874686973293b7d2928293b3c2f7363726970743e3c62723e3c62723e3c62723e3c2f6469763e3c2f626f64793e3c2f68746d6c3e);
INSERT INTO `image` (`id`, `image`) VALUES
(17, 0x3c68746d6c206c616e673d226672223e3c686561643e3c6d65746120687474702d65717569763d22436f6e74656e742d547970652220636f6e74656e743d22746578742f68746d6c3b20636861727365743d49534f2d383835392d31223e3c7469746c653e4176657274697373656d656e74206465207265646972656374696f6e3c2f7469746c653e3c7374796c653e626f64792c6469762c617b666f6e742d66616d696c793a617269616c2c73616e732d73657269667d626f64797b6261636b67726f756e642d636f6c6f723a236666663b6d617267696e2d746f703a3370787d6469767b636f6c6f723a233030307d613a6c696e6b7b636f6c6f723a233462313161383b7d613a766973697465647b636f6c6f723a233462313161383b7d613a6163746976657b636f6c6f723a236561343333357d6469762e6d796d476f7b626f726465722d746f703a31707820736f6c696420236461646365303b626f726465722d626f74746f6d3a31707820736f6c696420236461646365303b6261636b67726f756e643a236638663966613b6d617267696e2d746f703a31656d3b77696474683a313030257d6469762e6158676147627b70616464696e673a302e35656d20303b6d617267696e2d6c6566743a313070787d6469762e66546b3776647b6d617267696e2d6c6566743a333570783b6d617267696e2d746f703a333570787d3c2f7374796c653e3c2f686561643e3c626f64793e3c64697620636c6173733d226d796d476f223e3c64697620636c6173733d22615867614762223e3c666f6e74207374796c653d22666f6e742d73697a653a6c6172676572223e3c623e4176657274697373656d656e74206465207265646972656374696f6e3c2f623e3c2f666f6e743e3c2f6469763e3c2f6469763e3c64697620636c6173733d2266546b377664223e266e6273703b4c6120706167652071756520766f757320636f6e73756c7469657a2065737361696520646520766f7573207265646972696765722076657273203c6120687265663d2268747470733a2f2f7468656e6f756e70726f6a6563742e636f6d2f62726f7773652f69636f6e732f7465726d2f6e6f2d6974656d2f223e68747470733a2f2f7468656e6f756e70726f6a6563742e636f6d2f62726f7773652f69636f6e732f7465726d2f6e6f2d6974656d2f3c2f613e2e3c62723e3c62723e266e6273703b536920766f7573206e6520736f7568616974657a2070617320636f6e73756c74657220636574746520706167652c20766f757320706f7576657a203c6120687265663d2223222069643d2274737569645f31223e726576656e697220e0206c612070616765207072e963e964656e74653c2f613e2e3c736372697074206e6f6e63653d22515569766d4f524c4d7678696867706d345766653967223e2866756e6374696f6e28297b7661722069643d2774737569645f31273b2866756e6374696f6e28297b646f63756d656e742e676574456c656d656e7442794964286964292e6f6e636c69636b3d66756e6374696f6e28297b77696e646f772e686973746f72792e6261636b28293b72657475726e21317d3b7d292e63616c6c2874686973293b7d2928293b2866756e6374696f6e28297b7661722069643d2774737569645f31273b7661722063743d276f726967696e6c696e6b273b766172206f693d27756e617574686f72697a65647265646972656374273b2866756e6374696f6e28297b646f63756d656e742e676574456c656d656e7442794964286964292e6f6e6d6f757365646f776e3d66756e6374696f6e28297b76617220623d646f63756d656e742626646f63756d656e742e72656665727265722c613d22656e636f6465555249436f6d706f6e656e7422696e2077696e646f773f656e636f6465555249436f6d706f6e656e743a6573636170652c633d22223b62262628633d61286229293b286e657720496d616765292e7372633d222f75726c3f73613d542675726c3d222b632b22266f693d222b61286f69292b222663743d222b61286374293b72657475726e21317d3b7d292e63616c6c2874686973293b7d2928293b3c2f7363726970743e3c62723e3c62723e3c62723e3c2f6469763e3c2f626f64793e3c2f68746d6c3e),
(18, 0x3c68746d6c206c616e673d226672223e3c686561643e3c6d65746120687474702d65717569763d22436f6e74656e742d547970652220636f6e74656e743d22746578742f68746d6c3b20636861727365743d49534f2d383835392d31223e3c7469746c653e4176657274697373656d656e74206465207265646972656374696f6e3c2f7469746c653e3c7374796c653e626f64792c6469762c617b666f6e742d66616d696c793a617269616c2c73616e732d73657269667d626f64797b6261636b67726f756e642d636f6c6f723a236666663b6d617267696e2d746f703a3370787d6469767b636f6c6f723a233030307d613a6c696e6b7b636f6c6f723a233462313161383b7d613a766973697465647b636f6c6f723a233462313161383b7d613a6163746976657b636f6c6f723a236561343333357d6469762e6d796d476f7b626f726465722d746f703a31707820736f6c696420236461646365303b626f726465722d626f74746f6d3a31707820736f6c696420236461646365303b6261636b67726f756e643a236638663966613b6d617267696e2d746f703a31656d3b77696474683a313030257d6469762e6158676147627b70616464696e673a302e35656d20303b6d617267696e2d6c6566743a313070787d6469762e66546b3776647b6d617267696e2d6c6566743a333570783b6d617267696e2d746f703a333570787d3c2f7374796c653e3c2f686561643e3c626f64793e3c64697620636c6173733d226d796d476f223e3c64697620636c6173733d22615867614762223e3c666f6e74207374796c653d22666f6e742d73697a653a6c6172676572223e3c623e4176657274697373656d656e74206465207265646972656374696f6e3c2f623e3c2f666f6e743e3c2f6469763e3c2f6469763e3c64697620636c6173733d2266546b377664223e266e6273703b4c6120706167652071756520766f757320636f6e73756c7469657a2065737361696520646520766f7573207265646972696765722076657273203c6120687265663d2268747470733a2f2f7468656e6f756e70726f6a6563742e636f6d2f62726f7773652f69636f6e732f7465726d2f6e6f2d6974656d2f223e68747470733a2f2f7468656e6f756e70726f6a6563742e636f6d2f62726f7773652f69636f6e732f7465726d2f6e6f2d6974656d2f3c2f613e2e3c62723e3c62723e266e6273703b536920766f7573206e6520736f7568616974657a2070617320636f6e73756c74657220636574746520706167652c20766f757320706f7576657a203c6120687265663d2223222069643d2274737569645f31223e726576656e697220e0206c612070616765207072e963e964656e74653c2f613e2e3c736372697074206e6f6e63653d222d384d74626474323962306870426c676274304b4977223e2866756e6374696f6e28297b7661722069643d2774737569645f31273b2866756e6374696f6e28297b646f63756d656e742e676574456c656d656e7442794964286964292e6f6e636c69636b3d66756e6374696f6e28297b77696e646f772e686973746f72792e6261636b28293b72657475726e21317d3b7d292e63616c6c2874686973293b7d2928293b2866756e6374696f6e28297b7661722069643d2774737569645f31273b7661722063743d276f726967696e6c696e6b273b766172206f693d27756e617574686f72697a65647265646972656374273b2866756e6374696f6e28297b646f63756d656e742e676574456c656d656e7442794964286964292e6f6e6d6f757365646f776e3d66756e6374696f6e28297b76617220623d646f63756d656e742626646f63756d656e742e72656665727265722c613d22656e636f6465555249436f6d706f6e656e7422696e2077696e646f773f656e636f6465555249436f6d706f6e656e743a6573636170652c633d22223b62262628633d61286229293b286e657720496d616765292e7372633d222f75726c3f73613d542675726c3d222b632b22266f693d222b61286f69292b222663743d222b61286374293b72657475726e21317d3b7d292e63616c6c2874686973293b7d2928293b3c2f7363726970743e3c62723e3c62723e3c62723e3c2f6469763e3c2f626f64793e3c2f68746d6c3e),
(19, 0x3c68746d6c206c616e673d226672223e3c686561643e3c6d65746120687474702d65717569763d22436f6e74656e742d547970652220636f6e74656e743d22746578742f68746d6c3b20636861727365743d49534f2d383835392d31223e3c7469746c653e4176657274697373656d656e74206465207265646972656374696f6e3c2f7469746c653e3c7374796c653e626f64792c6469762c617b666f6e742d66616d696c793a617269616c2c73616e732d73657269667d626f64797b6261636b67726f756e642d636f6c6f723a236666663b6d617267696e2d746f703a3370787d6469767b636f6c6f723a233030307d613a6c696e6b7b636f6c6f723a233462313161383b7d613a766973697465647b636f6c6f723a233462313161383b7d613a6163746976657b636f6c6f723a236561343333357d6469762e6d796d476f7b626f726465722d746f703a31707820736f6c696420236461646365303b626f726465722d626f74746f6d3a31707820736f6c696420236461646365303b6261636b67726f756e643a236638663966613b6d617267696e2d746f703a31656d3b77696474683a313030257d6469762e6158676147627b70616464696e673a302e35656d20303b6d617267696e2d6c6566743a313070787d6469762e66546b3776647b6d617267696e2d6c6566743a333570783b6d617267696e2d746f703a333570787d3c2f7374796c653e3c2f686561643e3c626f64793e3c64697620636c6173733d226d796d476f223e3c64697620636c6173733d22615867614762223e3c666f6e74207374796c653d22666f6e742d73697a653a6c6172676572223e3c623e4176657274697373656d656e74206465207265646972656374696f6e3c2f623e3c2f666f6e743e3c2f6469763e3c2f6469763e3c64697620636c6173733d2266546b377664223e266e6273703b4c6120706167652071756520766f757320636f6e73756c7469657a2065737361696520646520766f7573207265646972696765722076657273203c6120687265663d2268747470733a2f2f7468656e6f756e70726f6a6563742e636f6d2f62726f7773652f69636f6e732f7465726d2f6e6f2d6974656d2f223e68747470733a2f2f7468656e6f756e70726f6a6563742e636f6d2f62726f7773652f69636f6e732f7465726d2f6e6f2d6974656d2f3c2f613e2e3c62723e3c62723e266e6273703b536920766f7573206e6520736f7568616974657a2070617320636f6e73756c74657220636574746520706167652c20766f757320706f7576657a203c6120687265663d2223222069643d2274737569645f31223e726576656e697220e0206c612070616765207072e963e964656e74653c2f613e2e3c736372697074206e6f6e63653d224645642d532d324238446652775972386b6a756e6e51223e2866756e6374696f6e28297b7661722069643d2774737569645f31273b2866756e6374696f6e28297b646f63756d656e742e676574456c656d656e7442794964286964292e6f6e636c69636b3d66756e6374696f6e28297b77696e646f772e686973746f72792e6261636b28293b72657475726e21317d3b7d292e63616c6c2874686973293b7d2928293b2866756e6374696f6e28297b7661722069643d2774737569645f31273b7661722063743d276f726967696e6c696e6b273b766172206f693d27756e617574686f72697a65647265646972656374273b2866756e6374696f6e28297b646f63756d656e742e676574456c656d656e7442794964286964292e6f6e6d6f757365646f776e3d66756e6374696f6e28297b76617220623d646f63756d656e742626646f63756d656e742e72656665727265722c613d22656e636f6465555249436f6d706f6e656e7422696e2077696e646f773f656e636f6465555249436f6d706f6e656e743a6573636170652c633d22223b62262628633d61286229293b286e657720496d616765292e7372633d222f75726c3f73613d542675726c3d222b632b22266f693d222b61286f69292b222663743d222b61286374293b72657475726e21317d3b7d292e63616c6c2874686973293b7d2928293b3c2f7363726970743e3c62723e3c62723e3c62723e3c2f6469763e3c2f626f64793e3c2f68746d6c3e),
(20, 0x3c68746d6c206c616e673d226672223e3c686561643e3c6d65746120687474702d65717569763d22436f6e74656e742d547970652220636f6e74656e743d22746578742f68746d6c3b20636861727365743d49534f2d383835392d31223e3c7469746c653e4176657274697373656d656e74206465207265646972656374696f6e3c2f7469746c653e3c7374796c653e626f64792c6469762c617b666f6e742d66616d696c793a617269616c2c73616e732d73657269667d626f64797b6261636b67726f756e642d636f6c6f723a236666663b6d617267696e2d746f703a3370787d6469767b636f6c6f723a233030307d613a6c696e6b7b636f6c6f723a233462313161383b7d613a766973697465647b636f6c6f723a233462313161383b7d613a6163746976657b636f6c6f723a236561343333357d6469762e6d796d476f7b626f726465722d746f703a31707820736f6c696420236461646365303b626f726465722d626f74746f6d3a31707820736f6c696420236461646365303b6261636b67726f756e643a236638663966613b6d617267696e2d746f703a31656d3b77696474683a313030257d6469762e6158676147627b70616464696e673a302e35656d20303b6d617267696e2d6c6566743a313070787d6469762e66546b3776647b6d617267696e2d6c6566743a333570783b6d617267696e2d746f703a333570787d3c2f7374796c653e3c2f686561643e3c626f64793e3c64697620636c6173733d226d796d476f223e3c64697620636c6173733d22615867614762223e3c666f6e74207374796c653d22666f6e742d73697a653a6c6172676572223e3c623e4176657274697373656d656e74206465207265646972656374696f6e3c2f623e3c2f666f6e743e3c2f6469763e3c2f6469763e3c64697620636c6173733d2266546b377664223e266e6273703b4c6120706167652071756520766f757320636f6e73756c7469657a2065737361696520646520766f7573207265646972696765722076657273203c6120687265663d2268747470733a2f2f7468656e6f756e70726f6a6563742e636f6d2f62726f7773652f69636f6e732f7465726d2f6e6f2d6974656d2f223e68747470733a2f2f7468656e6f756e70726f6a6563742e636f6d2f62726f7773652f69636f6e732f7465726d2f6e6f2d6974656d2f3c2f613e2e3c62723e3c62723e266e6273703b536920766f7573206e6520736f7568616974657a2070617320636f6e73756c74657220636574746520706167652c20766f757320706f7576657a203c6120687265663d2223222069643d2274737569645f31223e726576656e697220e0206c612070616765207072e963e964656e74653c2f613e2e3c736372697074206e6f6e63653d22795f676432344a42335930376e4d6647454258597a67223e2866756e6374696f6e28297b7661722069643d2774737569645f31273b2866756e6374696f6e28297b646f63756d656e742e676574456c656d656e7442794964286964292e6f6e636c69636b3d66756e6374696f6e28297b77696e646f772e686973746f72792e6261636b28293b72657475726e21317d3b7d292e63616c6c2874686973293b7d2928293b2866756e6374696f6e28297b7661722069643d2774737569645f31273b7661722063743d276f726967696e6c696e6b273b766172206f693d27756e617574686f72697a65647265646972656374273b2866756e6374696f6e28297b646f63756d656e742e676574456c656d656e7442794964286964292e6f6e6d6f757365646f776e3d66756e6374696f6e28297b76617220623d646f63756d656e742626646f63756d656e742e72656665727265722c613d22656e636f6465555249436f6d706f6e656e7422696e2077696e646f773f656e636f6465555249436f6d706f6e656e743a6573636170652c633d22223b62262628633d61286229293b286e657720496d616765292e7372633d222f75726c3f73613d542675726c3d222b632b22266f693d222b61286f69292b222663743d222b61286374293b72657475726e21317d3b7d292e63616c6c2874686973293b7d2928293b3c2f7363726970743e3c62723e3c62723e3c62723e3c2f6469763e3c2f626f64793e3c2f68746d6c3e),
(21, 0x3c68746d6c206c616e673d226672223e3c686561643e3c6d65746120687474702d65717569763d22436f6e74656e742d547970652220636f6e74656e743d22746578742f68746d6c3b20636861727365743d49534f2d383835392d31223e3c7469746c653e4176657274697373656d656e74206465207265646972656374696f6e3c2f7469746c653e3c7374796c653e626f64792c6469762c617b666f6e742d66616d696c793a617269616c2c73616e732d73657269667d626f64797b6261636b67726f756e642d636f6c6f723a236666663b6d617267696e2d746f703a3370787d6469767b636f6c6f723a233030307d613a6c696e6b7b636f6c6f723a233462313161383b7d613a766973697465647b636f6c6f723a233462313161383b7d613a6163746976657b636f6c6f723a236561343333357d6469762e6d796d476f7b626f726465722d746f703a31707820736f6c696420236461646365303b626f726465722d626f74746f6d3a31707820736f6c696420236461646365303b6261636b67726f756e643a236638663966613b6d617267696e2d746f703a31656d3b77696474683a313030257d6469762e6158676147627b70616464696e673a302e35656d20303b6d617267696e2d6c6566743a313070787d6469762e66546b3776647b6d617267696e2d6c6566743a333570783b6d617267696e2d746f703a333570787d3c2f7374796c653e3c2f686561643e3c626f64793e3c64697620636c6173733d226d796d476f223e3c64697620636c6173733d22615867614762223e3c666f6e74207374796c653d22666f6e742d73697a653a6c6172676572223e3c623e4176657274697373656d656e74206465207265646972656374696f6e3c2f623e3c2f666f6e743e3c2f6469763e3c2f6469763e3c64697620636c6173733d2266546b377664223e266e6273703b4c6120706167652071756520766f757320636f6e73756c7469657a2065737361696520646520766f7573207265646972696765722076657273203c6120687265663d2268747470733a2f2f7468656e6f756e70726f6a6563742e636f6d2f62726f7773652f69636f6e732f7465726d2f6e6f2d6974656d2f223e68747470733a2f2f7468656e6f756e70726f6a6563742e636f6d2f62726f7773652f69636f6e732f7465726d2f6e6f2d6974656d2f3c2f613e2e3c62723e3c62723e266e6273703b536920766f7573206e6520736f7568616974657a2070617320636f6e73756c74657220636574746520706167652c20766f757320706f7576657a203c6120687265663d2223222069643d2274737569645f31223e726576656e697220e0206c612070616765207072e963e964656e74653c2f613e2e3c736372697074206e6f6e63653d225f4f35766d7257486868624e4738446b414b74765741223e2866756e6374696f6e28297b7661722069643d2774737569645f31273b2866756e6374696f6e28297b646f63756d656e742e676574456c656d656e7442794964286964292e6f6e636c69636b3d66756e6374696f6e28297b77696e646f772e686973746f72792e6261636b28293b72657475726e21317d3b7d292e63616c6c2874686973293b7d2928293b2866756e6374696f6e28297b7661722069643d2774737569645f31273b7661722063743d276f726967696e6c696e6b273b766172206f693d27756e617574686f72697a65647265646972656374273b2866756e6374696f6e28297b646f63756d656e742e676574456c656d656e7442794964286964292e6f6e6d6f757365646f776e3d66756e6374696f6e28297b76617220623d646f63756d656e742626646f63756d656e742e72656665727265722c613d22656e636f6465555249436f6d706f6e656e7422696e2077696e646f773f656e636f6465555249436f6d706f6e656e743a6573636170652c633d22223b62262628633d61286229293b286e657720496d616765292e7372633d222f75726c3f73613d542675726c3d222b632b22266f693d222b61286f69292b222663743d222b61286374293b72657475726e21317d3b7d292e63616c6c2874686973293b7d2928293b3c2f7363726970743e3c62723e3c62723e3c62723e3c2f6469763e3c2f626f64793e3c2f68746d6c3e),
(22, 0x3c68746d6c206c616e673d226672223e3c686561643e3c6d65746120687474702d65717569763d22436f6e74656e742d547970652220636f6e74656e743d22746578742f68746d6c3b20636861727365743d49534f2d383835392d31223e3c7469746c653e4176657274697373656d656e74206465207265646972656374696f6e3c2f7469746c653e3c7374796c653e626f64792c6469762c617b666f6e742d66616d696c793a617269616c2c73616e732d73657269667d626f64797b6261636b67726f756e642d636f6c6f723a236666663b6d617267696e2d746f703a3370787d6469767b636f6c6f723a233030307d613a6c696e6b7b636f6c6f723a233462313161383b7d613a766973697465647b636f6c6f723a233462313161383b7d613a6163746976657b636f6c6f723a236561343333357d6469762e6d796d476f7b626f726465722d746f703a31707820736f6c696420236461646365303b626f726465722d626f74746f6d3a31707820736f6c696420236461646365303b6261636b67726f756e643a236638663966613b6d617267696e2d746f703a31656d3b77696474683a313030257d6469762e6158676147627b70616464696e673a302e35656d20303b6d617267696e2d6c6566743a313070787d6469762e66546b3776647b6d617267696e2d6c6566743a333570783b6d617267696e2d746f703a333570787d3c2f7374796c653e3c2f686561643e3c626f64793e3c64697620636c6173733d226d796d476f223e3c64697620636c6173733d22615867614762223e3c666f6e74207374796c653d22666f6e742d73697a653a6c6172676572223e3c623e4176657274697373656d656e74206465207265646972656374696f6e3c2f623e3c2f666f6e743e3c2f6469763e3c2f6469763e3c64697620636c6173733d2266546b377664223e266e6273703b4c6120706167652071756520766f757320636f6e73756c7469657a2065737361696520646520766f7573207265646972696765722076657273203c6120687265663d2268747470733a2f2f7468656e6f756e70726f6a6563742e636f6d2f62726f7773652f69636f6e732f7465726d2f6e6f2d6974656d2f223e68747470733a2f2f7468656e6f756e70726f6a6563742e636f6d2f62726f7773652f69636f6e732f7465726d2f6e6f2d6974656d2f3c2f613e2e3c62723e3c62723e266e6273703b536920766f7573206e6520736f7568616974657a2070617320636f6e73756c74657220636574746520706167652c20766f757320706f7576657a203c6120687265663d2223222069643d2274737569645f31223e726576656e697220e0206c612070616765207072e963e964656e74653c2f613e2e3c736372697074206e6f6e63653d223531507064646135515a745348396f50784e54654167223e2866756e6374696f6e28297b7661722069643d2774737569645f31273b2866756e6374696f6e28297b646f63756d656e742e676574456c656d656e7442794964286964292e6f6e636c69636b3d66756e6374696f6e28297b77696e646f772e686973746f72792e6261636b28293b72657475726e21317d3b7d292e63616c6c2874686973293b7d2928293b2866756e6374696f6e28297b7661722069643d2774737569645f31273b7661722063743d276f726967696e6c696e6b273b766172206f693d27756e617574686f72697a65647265646972656374273b2866756e6374696f6e28297b646f63756d656e742e676574456c656d656e7442794964286964292e6f6e6d6f757365646f776e3d66756e6374696f6e28297b76617220623d646f63756d656e742626646f63756d656e742e72656665727265722c613d22656e636f6465555249436f6d706f6e656e7422696e2077696e646f773f656e636f6465555249436f6d706f6e656e743a6573636170652c633d22223b62262628633d61286229293b286e657720496d616765292e7372633d222f75726c3f73613d542675726c3d222b632b22266f693d222b61286f69292b222663743d222b61286374293b72657475726e21317d3b7d292e63616c6c2874686973293b7d2928293b3c2f7363726970743e3c62723e3c62723e3c62723e3c2f6469763e3c2f626f64793e3c2f68746d6c3e),
(23, 0x3c68746d6c206c616e673d226672223e3c686561643e3c6d65746120687474702d65717569763d22436f6e74656e742d547970652220636f6e74656e743d22746578742f68746d6c3b20636861727365743d49534f2d383835392d31223e3c7469746c653e4176657274697373656d656e74206465207265646972656374696f6e3c2f7469746c653e3c7374796c653e626f64792c6469762c617b666f6e742d66616d696c793a617269616c2c73616e732d73657269667d626f64797b6261636b67726f756e642d636f6c6f723a236666663b6d617267696e2d746f703a3370787d6469767b636f6c6f723a233030307d613a6c696e6b7b636f6c6f723a233462313161383b7d613a766973697465647b636f6c6f723a233462313161383b7d613a6163746976657b636f6c6f723a236561343333357d6469762e6d796d476f7b626f726465722d746f703a31707820736f6c696420236461646365303b626f726465722d626f74746f6d3a31707820736f6c696420236461646365303b6261636b67726f756e643a236638663966613b6d617267696e2d746f703a31656d3b77696474683a313030257d6469762e6158676147627b70616464696e673a302e35656d20303b6d617267696e2d6c6566743a313070787d6469762e66546b3776647b6d617267696e2d6c6566743a333570783b6d617267696e2d746f703a333570787d3c2f7374796c653e3c2f686561643e3c626f64793e3c64697620636c6173733d226d796d476f223e3c64697620636c6173733d22615867614762223e3c666f6e74207374796c653d22666f6e742d73697a653a6c6172676572223e3c623e4176657274697373656d656e74206465207265646972656374696f6e3c2f623e3c2f666f6e743e3c2f6469763e3c2f6469763e3c64697620636c6173733d2266546b377664223e266e6273703b4c6120706167652071756520766f757320636f6e73756c7469657a2065737361696520646520766f7573207265646972696765722076657273203c6120687265663d2268747470733a2f2f7468656e6f756e70726f6a6563742e636f6d2f62726f7773652f69636f6e732f7465726d2f6e6f2d6974656d2f223e68747470733a2f2f7468656e6f756e70726f6a6563742e636f6d2f62726f7773652f69636f6e732f7465726d2f6e6f2d6974656d2f3c2f613e2e3c62723e3c62723e266e6273703b536920766f7573206e6520736f7568616974657a2070617320636f6e73756c74657220636574746520706167652c20766f757320706f7576657a203c6120687265663d2223222069643d2274737569645f31223e726576656e697220e0206c612070616765207072e963e964656e74653c2f613e2e3c736372697074206e6f6e63653d22556e2d596d5337486a4b4869583168646f7976754751223e2866756e6374696f6e28297b7661722069643d2774737569645f31273b2866756e6374696f6e28297b646f63756d656e742e676574456c656d656e7442794964286964292e6f6e636c69636b3d66756e6374696f6e28297b77696e646f772e686973746f72792e6261636b28293b72657475726e21317d3b7d292e63616c6c2874686973293b7d2928293b2866756e6374696f6e28297b7661722069643d2774737569645f31273b7661722063743d276f726967696e6c696e6b273b766172206f693d27756e617574686f72697a65647265646972656374273b2866756e6374696f6e28297b646f63756d656e742e676574456c656d656e7442794964286964292e6f6e6d6f757365646f776e3d66756e6374696f6e28297b76617220623d646f63756d656e742626646f63756d656e742e72656665727265722c613d22656e636f6465555249436f6d706f6e656e7422696e2077696e646f773f656e636f6465555249436f6d706f6e656e743a6573636170652c633d22223b62262628633d61286229293b286e657720496d616765292e7372633d222f75726c3f73613d542675726c3d222b632b22266f693d222b61286f69292b222663743d222b61286374293b72657475726e21317d3b7d292e63616c6c2874686973293b7d2928293b3c2f7363726970743e3c62723e3c62723e3c62723e3c2f6469763e3c2f626f64793e3c2f68746d6c3e),
(24, 0x3c68746d6c206c616e673d226672223e3c686561643e3c6d65746120687474702d65717569763d22436f6e74656e742d547970652220636f6e74656e743d22746578742f68746d6c3b20636861727365743d49534f2d383835392d31223e3c7469746c653e4176657274697373656d656e74206465207265646972656374696f6e3c2f7469746c653e3c7374796c653e626f64792c6469762c617b666f6e742d66616d696c793a617269616c2c73616e732d73657269667d626f64797b6261636b67726f756e642d636f6c6f723a236666663b6d617267696e2d746f703a3370787d6469767b636f6c6f723a233030307d613a6c696e6b7b636f6c6f723a233462313161383b7d613a766973697465647b636f6c6f723a233462313161383b7d613a6163746976657b636f6c6f723a236561343333357d6469762e6d796d476f7b626f726465722d746f703a31707820736f6c696420236461646365303b626f726465722d626f74746f6d3a31707820736f6c696420236461646365303b6261636b67726f756e643a236638663966613b6d617267696e2d746f703a31656d3b77696474683a313030257d6469762e6158676147627b70616464696e673a302e35656d20303b6d617267696e2d6c6566743a313070787d6469762e66546b3776647b6d617267696e2d6c6566743a333570783b6d617267696e2d746f703a333570787d3c2f7374796c653e3c2f686561643e3c626f64793e3c64697620636c6173733d226d796d476f223e3c64697620636c6173733d22615867614762223e3c666f6e74207374796c653d22666f6e742d73697a653a6c6172676572223e3c623e4176657274697373656d656e74206465207265646972656374696f6e3c2f623e3c2f666f6e743e3c2f6469763e3c2f6469763e3c64697620636c6173733d2266546b377664223e266e6273703b4c6120706167652071756520766f757320636f6e73756c7469657a2065737361696520646520766f7573207265646972696765722076657273203c6120687265663d2268747470733a2f2f7468656e6f756e70726f6a6563742e636f6d2f62726f7773652f69636f6e732f7465726d2f6e6f2d6974656d2f223e68747470733a2f2f7468656e6f756e70726f6a6563742e636f6d2f62726f7773652f69636f6e732f7465726d2f6e6f2d6974656d2f3c2f613e2e3c62723e3c62723e266e6273703b536920766f7573206e6520736f7568616974657a2070617320636f6e73756c74657220636574746520706167652c20766f757320706f7576657a203c6120687265663d2223222069643d2274737569645f31223e726576656e697220e0206c612070616765207072e963e964656e74653c2f613e2e3c736372697074206e6f6e63653d225f344c654a79774862306577522d6a673064744c3567223e2866756e6374696f6e28297b7661722069643d2774737569645f31273b2866756e6374696f6e28297b646f63756d656e742e676574456c656d656e7442794964286964292e6f6e636c69636b3d66756e6374696f6e28297b77696e646f772e686973746f72792e6261636b28293b72657475726e21317d3b7d292e63616c6c2874686973293b7d2928293b2866756e6374696f6e28297b7661722069643d2774737569645f31273b7661722063743d276f726967696e6c696e6b273b766172206f693d27756e617574686f72697a65647265646972656374273b2866756e6374696f6e28297b646f63756d656e742e676574456c656d656e7442794964286964292e6f6e6d6f757365646f776e3d66756e6374696f6e28297b76617220623d646f63756d656e742626646f63756d656e742e72656665727265722c613d22656e636f6465555249436f6d706f6e656e7422696e2077696e646f773f656e636f6465555249436f6d706f6e656e743a6573636170652c633d22223b62262628633d61286229293b286e657720496d616765292e7372633d222f75726c3f73613d542675726c3d222b632b22266f693d222b61286f69292b222663743d222b61286374293b72657475726e21317d3b7d292e63616c6c2874686973293b7d2928293b3c2f7363726970743e3c62723e3c62723e3c62723e3c2f6469763e3c2f626f64793e3c2f68746d6c3e);

TRUNCATE TABLE `registration`;
TRUNCATE TABLE `species`;
INSERT INTO `species` (`id`, `family_id`, `diet_id`, `image_id`, `name`, `description`) VALUES
(1, 5, 3, NULL, 'ours brun', 'Animal solitaire et omnivore qui vivait dans les forêts d\'Eurasie et d\'Amérique du Nord,disparu en Europe'),
(2, 5, 1, NULL, 'ours polaire', 'Grand mammifère omnivore originaire de l\'Arctique'),
(3, 8, 2, NULL, 'gorille', 'Grand singe anthropoïde d\'Afrique'),
(4, 8, 3, NULL, 'chimpanzé', 'Genre de Simiformes'),
(5, 5, 2, NULL, 'panda', 'De fourrure noire et blanche, le panda est un carnivore végétarien'),
(6, 1, 1, NULL, 'tigre', 'Grand félin sauvage reconnaissable à sa fourrure rousse rayée de noir'),
(7, 1, 1, NULL, 'lion', 'Grand mammifère carnivore, à pelage fauve et à crinière'),
(8, 1, 1, NULL, 'panthère noir', 'Grand mammifère carnassier d\'Afrique et d\'Asie, au pelage noir'),
(9, 12, 2, NULL, 'girafe', 'Grand mammifère d\'Afrique, à cou très long et rigide, dont le pelage roux présente des dessins polygonaux.'),
(10, 13, 2, NULL, 'rhinocéros', 'Mammifère de grande taille, à la peau épaisse et rugueuse, qui porte une ou deux cornes sur le nez.'),
(11, 14, 2, NULL, 'hippopotames', 'Gros mammifère herbivore amphibie, aux membres trapus'),
(12, 15, 1, NULL, 'aigle', 'Grand oiseau de proie diurne, au bec crochu et aux serres puissantes'),
(13, 3, 2, NULL, 'antilope', 'Mammifère ruminant d\'Afrique et d\'Asie, au corps svelte, aux hautes pattes grêles, à cornes en spirale'),
(14, 16, 1, NULL, 'chouette', 'Oiseau rapace nocturne'),
(15, 17, 2, NULL, 'éléphant', 'Très grand mammifère herbivore, à corps massif, à peau rugueuse, à grandes oreilles plates, au nez allongé en trompe et à défenses d\'ivoire'),
(16, 18, 2, NULL, 'lémur', 'Aussi appelé makis, est exclusivement malgaches'),
(17, 2, 1, NULL, 'loup', 'Mammifère carnivore sauvage, ressemblant à un grand chien'),
(18, 19, 1, NULL, 'vautour', 'Oiseau rapace de grande taille, au bec crochu, à la tête et au cou dénudés'),
(19, 20, 1, NULL, 'crocodile', 'Grand reptile à fortes mâchoires, à quatre courtes pattes, qui vit dans les fleuves des régions chaudes'),
(20, 21, 2, NULL, 'iguane', 'Reptile saurien de l\'Amérique tropicale, qui a l\'aspect d\'un grand lézard');

TRUNCATE TABLE `user`;
INSERT INTO `user` (`id`, `email`, `roles`, `password`, `lastname`, `firstname`, `date_of_birth`, `hiring_date`, `contract_duration`, `date_visitor`) VALUES
(1, 'user-176@example.com', '[\"ROLE_USER\"]', '$2y$13$fQWQ0u7OvRFyhntMeWwRtu66Xbo5N1EHN.eYe9Q1VllZX5Phn8hS.', 'Funk', 'Madie', '1976-08-26 04:02:54', NULL, NULL, '1970-12-20 09:34:43'),
(2, 'user-410@example.com', '[\"ROLE_USER\"]', '$2y$13$rVkEAqQ0FBGI1ZRhKa7xJud47/RR5c18dFHdlgarsQwISTaXHM.Qa', 'Runolfsson', 'Brielle', '1987-11-20 15:21:34', NULL, NULL, '1971-09-28 18:38:41'),
(3, 'user-723@example.com', '[\"ROLE_USER\"]', '$2y$13$OsqwFgLvfsE70MpU0JXF/efI2ls9aviih1e.PjvdRtEADhB.arVGa', 'Jacobson', 'Lisa', '1987-04-09 22:33:12', NULL, NULL, '1991-03-24 14:31:39'),
(4, 'user-766@example.com', '[\"ROLE_USER\"]', '$2y$13$OcAKhbAaHtnd.uMuMJ99AOHVMJOce8VmU0Z94.oZu0S0C4fif0f7K', 'Weissnat', 'Kendra', '1995-06-14 00:48:17', NULL, NULL, '1990-01-08 13:21:42'),
(5, 'user-937@example.com', '[\"ROLE_EMPLOYEE\"]', '$2y$13$Krt0OOcOm2WRxccSyVxRqOrIgMOKlfz91r.OPeYQspCINRY9uF0X.', 'Dibbert', 'Claire', '2001-09-14 23:11:39', '1998-02-21 04:51:01', 106, '1976-12-29 00:00:13'),
(6, 'user-164@example.com', '[\"ROLE_USER\"]', '$2y$13$3DL8e6Jv30iFBmvyWjhNUu4DpE2vUUL2yYiC3Ox279MJdwQ8xqPfq', 'Fisher', 'Napoleon', '1971-02-26 13:18:57', NULL, NULL, '2023-06-04 06:00:53'),
(7, 'user-800@example.com', '[\"ROLE_USER\"]', '$2y$13$iaTfly40L80shZXjX.B32ea1AEtMzhGPrd2elZoXyzPduRNUCLXHK', 'Heaney', 'Eula', '2011-05-18 07:23:30', NULL, NULL, '1970-05-25 13:27:43'),
(8, 'user-077@example.com', '[\"ROLE_USER\"]', '$2y$13$aklYjfvrU.mvS/Mb8asYeORidPgVxi0FNCM2TiYk1E5upFRKq99pm', 'Hahn', 'Raegan', '1979-07-24 01:10:21', NULL, NULL, '2016-09-23 16:31:07'),
(9, 'user-357@example.com', '[\"ROLE_EMPLOYEE\"]', '$2y$13$oLkKt17PxAtzxyD32Ohg7u9TEnEUBc69VpbcvJm65F/ApCZrLw6OW', 'Mann', 'Sadye', '2017-06-21 13:42:38', '1984-06-26 13:18:46', 89, '2017-10-31 21:34:02'),
(10, 'user-538@example.com', '[\"ROLE_USER\"]', '$2y$13$g2ygwK0CBgoHurlkl7uYtebcDQAG8sEIDYLZtyN3DJPk9I53i/.RO', 'Paucek', 'Zackary', '1991-05-26 17:45:43', NULL, NULL, '1994-09-27 20:31:24'),
(11, 'user-096@example.com', '[\"ROLE_EMPLOYEE\"]', '$2y$13$M7F2Vp4qNOlBcr7LHU3to.wxWZBT2uCemY/x/9K7D3NbxJPcvUYTK', 'Turcotte', 'Payton', '2002-04-22 21:41:27', '1999-10-26 04:00:28', 297, '2009-06-02 20:59:35'),
(12, 'user-441@example.com', '[\"ROLE_USER\"]', '$2y$13$N6PacB2ic39Sj7kP7x2KnOgFOtnnmdYtWAYphDRqojnF.WukDyZ2K', 'Roberts', 'Ashleigh', '1977-06-18 08:38:19', NULL, NULL, '1999-07-12 03:21:20'),
(13, 'user-920@example.com', '[\"ROLE_USER\"]', '$2y$13$o.R5RKrFvBeBzHLLxESZGOOQq7k36O4DBY0/f4vSk5l6uXoxWMXnC', 'Klocko', 'Wiley', '2022-07-21 14:47:25', NULL, NULL, '2008-06-23 02:12:00'),
(14, 'user-075@example.com', '[\"ROLE_USER\"]', '$2y$13$G5k7NtrrPj7XsfjTwzjSR.n/Hb80xgFFU0MEFUsqCqmwINzKjDT7W', 'Langosh', 'Shanna', '1988-11-03 15:10:44', NULL, NULL, '1982-05-14 04:08:37'),
(15, 'user-232@example.com', '[\"ROLE_EMPLOYEE\"]', '$2y$13$LkYgqFNzZSxW6cxOfi6jt.jVbBqv.u1PaegVZ3Raouw.qCdhCyqJy', 'Wiegand', 'Astrid', '1996-01-22 10:08:18', '2020-10-31 01:00:28', 164, '2006-01-06 19:39:53'),
(16, 'user-238@example.com', '[\"ROLE_EMPLOYEE\"]', '$2y$13$5GNEl0cmY/peyLO3oq9xd.r9NVrTF0lKtgfsQDKFemovh8.jjoX/S', 'Fahey', 'Rene', '1988-07-19 22:25:37', '1973-06-17 04:25:56', 287, '1982-04-12 09:17:00'),
(17, 'user-403@example.com', '[\"ROLE_USER\"]', '$2y$13$BxgyE8NqONb5DGh41OkZjOlNN.wyGMp67czT2uITla5e8sbOcZpNi', 'Bayer', 'Godfrey', '2021-07-11 01:05:35', NULL, NULL, '2009-11-02 15:21:48'),
(18, 'user-512@example.com', '[\"ROLE_EMPLOYEE\"]', '$2y$13$EtrxmZi.ppykPpIbLOEXpu/QeIG5QwBCvM.Om5N2EpmD5XqsDJ.NC', 'Weissnat', 'Hettie', '1997-08-24 01:42:30', '1990-09-24 00:34:22', 168, '2001-05-31 17:32:43'),
(19, 'user-235@example.com', '[\"ROLE_USER\"]', '$2y$13$adT/Zfm.1kU8NhnZw5/C6uv1hHcxn3zSwY8snT8pirZiRJaHsBTH2', 'Schmeler', 'Sabryna', '1993-04-29 16:39:49', NULL, NULL, '2009-05-06 23:30:13'),
(20, 'user-492@example.com', '[\"ROLE_USER\"]', '$2y$13$mq43TEvqPxhkEhvngSJs7eQps7HUljlokopu/ulle/qt4jVRtF5X.', 'Bartell', 'Merle', '1975-08-29 09:52:09', NULL, NULL, '1995-05-14 19:47:10'),
(21, 'admin@example.com', '[\"ROLE_ADMIN\"]', '$2y$13$Lj34WNfFmJ7aHoJ.UnWIv.2J91qyZktgXa8.yklKz12/0rKdCM/cW', 'Gouedar', 'Pierre', '2002-06-10 02:34:37', NULL, NULL, '2011-06-30 03:44:15');
SET FOREIGN_KEY_CHECKS=1;
COMMIT;

/*!40101 SET CHARACTER_SET_CLIENT=@OLD_CHARACTER_SET_CLIENT */;
/*!40101 SET CHARACTER_SET_RESULTS=@OLD_CHARACTER_SET_RESULTS */;
/*!40101 SET COLLATION_CONNECTION=@OLD_COLLATION_CONNECTION */;
